9.92525,14.2361,9.53013,14.5788
8.93166,13.0384,8.2409,12.953

9.92525,14.2361,9.53013,14.5788
8.93166,13.0384,8.2409,12.953

9.92525,14.2361,9.53013,14.5788
8.93166,13.0384,8.2409,12.953

9.92525,14.2361,9.53013,14.5788
8.93166,13.0384,8.2409,12.953

9.92525,14.2361,9.53013,14.5788
8.93166,13.0384,8.2409,12.953

9.92525,14.2361,9.53013,14.5788
8.93166,13.0384,8.2409,12.953

9.92525,14.2361,9.53013,14.5788
8.93166,13.0384,8.2409,12.953

9.92525,14.2361,9.53013,14.5788
8.93166,13.0384,8.2409,12.953

9.92525,14.2361,9.53013,14.5788
8.93166,13.0384,8.2409,12.953

9.92525,14.2361,9.53013,14.5788
8.93166,13.0384,8.2409,12.953

9.92525,14.2361,9.53013,14.5788
8.93166,13.0384,8.2409,12.953

9.92525,14.2361,9.53013,14.5788
8.93166,13.0384,8.2409,12.953

9.92525,14.2361,9.53013,14.5788
8.93166,13.0384,8.2409,12.953

9.92525,14.2361,9.53013,14.5788
8.93166,13.0384,8.2409,12.953

9.92525,14.2361,9.53013,14.5788
8.93166,13.0384,8.2409,12.953

9.92525,14.2361,9.53013,14.5788
8.93166,13.0384,8.2409,12.953

9.92525,14.2361,9.53013,14.5788
8.93166,13.0384,8.2409,12.953

9.92525,14.2361,9.53013,14.5788
8.93166,13.0384,8.2409,12.953

9.92525,14.2361,9.53013,14.5788
8.93166,13.0384,8.2409,12.953

9.92525,14.2361,9.53013,14.5788
8.93166,13.0384,8.2409,12.953

9.92525,14.2361,9.53013,14.5788
8.93166,13.0384,8.2409,12.953

9.92525,14.2361,9.53013,14.5788
8.93166,13.0384,8.2409,12.953

9.92525,14.2361,9.53013,14.5788
8.93166,13.0384,8.2409,12.953

9.92988,14.2385,9.53178,14.5847
8.93214,13.0348,8.24085,12.9562

10.026,14.2895,9.56666,14.7065
8.94185,12.962,8.23949,13.0207

10.224,14.3983,9.63877,14.9608
8.96003,12.8182,8.2345,13.1513

10.5025,14.5576,9.73903,15.3255
8.98202,12.6271,8.22278,13.3321

10.8482,14.7622,9.86096,15.787
9.00474,12.4054,8.20188,13.552

11.2521,15.0099,9.99924,16.3384
9.0254,12.1656,8.16934,13.8037

11.7106,15.2985,10.1516,16.9751
9.04352,11.9152,8.12469,14.0806

12.2225,15.6269,10.317,17.696
9.05903,11.6592,8.06793,14.3778

12.8019,15.9829,10.507,18.4911
9.08172,11.3923,8.0086,14.6814

13.4224,16.3979,10.6956,19.3902
9.0893,11.1381,7.92561,15.011

14.1206,16.8616,10.9082,20.3958
9.09879,10.8804,7.83413,15.3507

14.7411,17.2756,11.1035,21.2822
9.10868,10.677,7.75724,15.6211

15.1897,17.577,11.2498,21.9184
9.11683,10.5439,7.70493,15.7984

15.4067,17.7342,11.3373,22.2194
9.12143,10.4907,7.68719,15.8647

15.4309,17.7536,11.3501,22.2509
9.12356,10.4879,7.68583,15.8668

15.4326,17.7518,11.3482,22.2526
9.12435,10.4864,7.68467,15.8686

15.434,17.7503,11.3471,22.2536
9.12505,10.4852,7.68398,15.8698

15.4352,17.749,11.3465,22.2541
9.12568,10.4842,7.68362,15.8705

15.4358,17.7483,11.3458,22.2547
9.12597,10.4837,7.68322,15.8711

15.4358,17.7482,11.345,22.2555
9.1259,10.4836,7.68267,15.8718

15.4356,17.7484,11.3443,22.2561
9.12576,10.4836,7.68218,15.8724

15.4354,17.7486,11.3436,22.2567
9.12556,10.4837,7.68174,15.873

15.4355,17.7484,11.3434,22.2569
9.12564,10.4836,7.68164,15.8731

15.2324,17.85,11.489,22.0432
8.99432,10.5457,7.83103,15.7929

14.7234,18.0925,11.8641,21.4866
8.66703,10.6956,8.22389,15.5775

14.0359,18.3899,12.4089,20.6717
8.22783,10.8813,8.81214,15.2427

13.2862,18.6656,13.0716,19.6726
7.75146,11.0563,9.55588,14.8004

12.4872,18.9059,13.8312,18.5028
7.2462,11.2118,10.46,14.246

11.7482,19.0442,14.6408,17.2329
6.78043,11.3072,11.4832,13.5932

13.8905,16.2943,17.5184,13.7635
8.09799,9.60272,14.4143,11.0489

13.473,16.1875,18.1203,12.6697
7.83907,9.55019,15.4011,10.3736

13.1747,16.148,18.4274,12.038
7.65752,9.53839,15.9875,9.98057

12.7756,16.3885,18.3359,11.9915
7.41887,9.70291,16.0356,10.0066

13.18,15.9825,18.6107,11.6877
7.6705,9.45065,16.3,9.74284

10.2131,18.8971,16.568,13.8714
5.837,11.2895,14.3726,11.6649

10.213,18.8968,16.5682,13.8709
5.83684,11.2892,14.3732,11.6647

12.8098,16.3454,18.3579,11.9582
7.44168,9.67813,16.0629,9.98124

10.2129,18.8967,16.5685,13.8704
5.83666,11.289,14.3739,11.6645

10.2129,18.8967,16.5687,13.8703
5.83661,11.2889,14.374,11.6644

13.1998,15.962,18.6255,11.6713
7.68228,9.43725,16.3154,9.72911

12.6513,16.5008,18.2495,12.074
7.34367,9.77565,15.9613,10.0834

12.8724,16.2837,18.4012,11.9115
7.48013,9.63913,16.1043,9.94048

10.2233,18.921,16.5565,13.9087
5.84829,11.3135,14.3285,11.6737

12.9906,16.4038,18.3831,12.1124
7.59867,9.77018,15.8234,9.97176

12.9583,16.7665,18.2044,12.5543
7.64316,10.0801,15.2972,10.1436

13.7179,16.4339,18.5427,12.5086
8.20676,9.97048,15.1464,9.84037

13.9228,16.688,18.4285,12.9669
8.43936,10.2532,14.5548,9.91662

13.7155,17.3795,17.9177,13.8513
8.42134,10.8436,13.6205,10.2785

11.3377,20.2151,15.4722,16.7166
6.97952,12.8958,11.211,12.0778

11.6992,20.3511,15.1923,17.3199
7.32844,13.1773,10.5771,12.0812

12.1127,20.4221,14.9061,17.9056
7.7257,13.4271,9.96503,12.0462

12.5776,20.4231,14.622,18.4605
8.17263,13.6388,9.38291,11.9696

13.091,20.3526,14.3476,18.9736
8.66964,13.8082,8.83563,11.8505

13.6036,20.2313,14.1133,19.4044
9.16858,13.9243,8.36703,11.7041

13.9752,20.1204,13.9657,19.6757
9.53223,13.9817,8.06558,11.5844

14.1807,20.0589,13.8964,19.8155
9.73044,14.0048,7.9134,11.5154

14.2142,20.0584,13.8929,19.8401
9.75995,14.0115,7.89107,11.5015

14.2151,20.0575,13.8922,19.8406
9.76084,14.0111,7.89046,11.5016

14.2157,20.0569,13.8917,19.8409
9.76147,14.0109,7.89003,11.5016

14.2162,20.0564,13.8913,19.8412
9.76192,14.0107,7.88972,11.5016

14.2165,20.0561,13.8911,19.8414
9.76224,14.0106,7.8895,11.5017

14.2167,20.0559,13.8909,19.8415
9.76248,14.0105,7.88934,11.5017

14.2169,20.0557,13.8907,19.8416
9.76265,14.0104,7.88923,11.5017

14.217,20.0556,13.8906,19.8417
9.76277,14.0104,7.88914,11.5017

14.2171,20.0555,13.8906,19.8417
9.76287,14.0103,7.88908,11.5017

14.2011,20.0571,13.8921,19.828
9.75349,14.0151,7.89499,11.5004

13.9066,20.0825,13.9181,19.5719
9.58098,14.1028,8.00532,11.4749

13.3398,20.1131,13.9644,19.0651
9.24997,14.2672,8.22635,11.4204

12.6114,20.1202,14.021,18.3854
8.82409,14.4703,8.53179,11.3378

11.8073,20.0822,14.0825,17.5914
8.35206,14.6819,8.90417,11.2258

10.9901,19.9846,14.145,16.7266
7.87021,14.8795,9.33093,11.0833

10.2313,19.8105,14.1855,15.8563
7.4271,15.0403,9.77569,10.9209

9.71411,19.6286,14.1922,15.2187
7.1307,15.1334,10.1082,10.7918

9.42799,19.4936,14.1786,14.8473
6.97184,15.1772,10.3003,10.7147

9.34149,19.4154,14.1372,14.7317
6.93582,15.1864,10.3419,10.6999

11.8838,16.9589,16.6298,12.1538
8.95642,13.1544,12.3017,8.75153

9.34128,19.4156,14.137,14.7319
6.93565,15.1866,10.3417,10.7001

9.34131,19.4156,14.1371,14.7319
6.93567,15.1866,10.3417,10.7

9.3413,19.4156,14.137,14.7319
6.93567,15.1866,10.3417,10.7

9.3413,19.4156,14.137,14.7319
6.93567,15.1866,10.3417,10.7

9.3413,19.4156,14.137,14.7319
6.93566,15.1866,10.3417,10.7

9.34131,19.4155,14.1371,14.7318
6.93566,15.1865,10.3417,10.7001

9.3413,19.4156,14.137,14.7319
6.93567,15.1866,10.3417,10.7

9.34135,19.4155,14.137,14.7319
6.93569,15.1865,10.3417,10.7001

9.43933,19.3367,14.1052,14.799
6.97973,15.04,10.3529,10.7914

9.68023,19.1402,14.0169,14.9738
7.08339,14.6784,10.374,11.0282

10.0083,18.8648,13.8695,15.2371
7.2132,14.1811,10.3861,11.3835

10.3789,18.5407,13.657,15.5769
7.3417,13.6079,10.3717,11.8427

10.7576,18.1919,13.3748,15.984
7.44846,13.0019,10.3169,12.3968

11.1181,17.8377,13.0214,16.4495
7.51938,12.3932,10.2116,13.0398

11.4408,17.493,12.5984,16.9636
7.54584,11.8019,10.0496,13.7667

11.7123,17.1692,12.1111,17.5152
7.52372,11.2405,9.82819,14.5716

11.9101,16.9134,11.6825,17.9821
7.479,10.7968,9.61088,15.2774

11.9921,16.7859,11.3762,18.3025
7.41863,10.5418,9.43935,15.7642

12.0268,16.7368,11.2413,18.4491
7.38866,10.4331,9.35902,15.9833

12.0262,16.7387,11.239,18.454
7.3856,10.4305,9.358,15.9899

12.0269,16.7377,11.2397,18.4532
7.386,10.4297,9.35879,15.9895

12.0308,16.7337,11.2428,18.4502
7.38847,10.427,9.36163,15.9869

12.0367,16.7279,11.2474,18.4459
7.39231,10.4233,9.36548,15.9829

12.0432,16.7218,11.2525,18.4415
7.39649,10.4199,9.36919,15.9784

12.042,16.7228,11.2516,18.4422
7.3957,10.4204,9.36861,15.9793

12.0356,16.7288,11.2466,18.4465
7.39148,10.4237,9.365,15.9838

12.0299,16.7342,11.2422,18.4505
7.38774,10.4272,9.36141,15.9877

12.0268,16.7374,11.2399,18.4529
7.38568,10.4292,9.35928,15.9898

12.0481,16.7636,11.2614,18.4778
7.39116,10.4346,9.35915,15.9791

12.2177,16.9576,11.4309,18.6644
7.4361,10.4699,9.36273,15.8953

12.5161,17.2982,11.7295,18.9925
7.51173,10.5279,9.36942,15.7549

12.932,17.7791,12.1479,19.4551
7.60996,10.6055,9.37688,15.5716

13.4434,18.3922,12.667,20.0418
7.71827,10.7006,9.38063,15.3645

14.2003,19.3496,13.4453,20.9511
7.85505,10.8416,9.37626,15.091

14.9055,20.2701,14.1779,21.8206
7.96442,10.9676,9.36734,14.8646

15.7123,21.3332,15.0218,22.8216
8.0752,11.1002,9.35686,14.6318

16.6341,22.5527,15.9915,23.9665
8.18714,11.2364,9.34619,14.3942

17.625,23.9571,17.0459,25.2805
8.27594,11.387,9.3188,14.1823

18.4909,25.1536,17.9651,26.4042
8.34775,11.4944,9.30387,14.018

19.0473,25.9253,18.5542,27.1332
8.38734,11.5554,9.29483,13.9265

19.2847,26.2338,18.7857,27.448
8.40131,11.5675,9.28977,13.9055

19.2815,26.2369,18.7892,27.4447
8.39985,11.5689,9.29162,13.9036

19.2793,26.239,18.7917,27.4423
8.39884,11.5699,9.29299,13.9022

19.2779,26.2404,18.7936,27.4404
8.39818,11.5706,9.29397,13.9012

19.2769,26.2413,18.7949,27.4391
8.39773,11.5711,9.29468,13.9005

19.2761,26.2422,18.7958,27.4383
8.39734,11.5714,9.29513,13.9001

19.2754,26.2428,18.7963,27.4378
8.39704,11.5717,9.29543,13.8998

19.275,26.2433,18.7968,27.4374
8.39683,11.5719,9.29566,13.8996

19.2748,26.2435,18.7972,27.437
8.39673,11.572,9.29586,13.8994

19.2597,26.2217,18.7808,27.4174
8.39533,11.5696,9.29646,13.9026

19.0445,25.9095,18.5419,27.1387
8.37578,11.5338,9.3026,13.9518

18.6337,25.3191,18.0887,26.6085
8.33771,11.4666,9.31349,14.0462

18.0942,24.5531,17.4985,25.9149
8.2855,11.3792,9.32673,14.1726

17.4778,23.6905,16.8304,25.1272
8.22208,11.2796,9.34042,14.3219

16.8221,22.7881,16.127,24.2955
8.14948,11.1736,9.3532,14.4877

16.1532,21.8843,15.4172,23.4546
8.06915,11.0656,9.36406,14.6652

15.4885,21.0035,14.7196,22.6268
7.98219,10.9581,9.37235,14.8513

14.8581,20.1412,14.0611,21.8112
7.90042,10.8437,9.38757,15.0324

14.2209,19.3514,13.4097,21.0517
7.79782,10.7467,9.38556,15.2339

13.6123,18.6065,12.7942,20.3279
7.69268,10.6533,9.38155,15.4365

13.0333,17.9071,12.2152,19.6409
7.58555,10.5638,9.37567,15.639

12.5454,17.3269,11.7333,19.0634
7.49035,10.4903,9.36844,15.8149

12.2295,16.954,11.4242,18.6882
7.42684,10.4438,9.36296,15.9304

12.0661,16.7655,11.2722,18.4896
7.39449,10.424,9.36356,15.9819

12.0403,16.7349,11.2475,18.4563
7.39191,10.4239,9.36193,15.9862

12.04,16.7347,11.2453,18.4582
7.39145,10.4234,9.36039,15.9888

12.0385,16.7357,11.2428,18.4603
7.39032,10.4238,9.3585,15.9914

12.0374,16.7366,11.2409,18.462
7.38943,10.4241,9.35705,15.9934

12.0373,16.7365,11.2401,18.4626
7.38928,10.4239,9.35649,15.9943

12.0376,16.7361,11.2399,18.4628
7.38945,10.4235,9.35638,15.9947

12.039,16.7346,11.2405,18.4621
7.39028,10.4225,9.35701,15.9942

12.0403,16.7333,11.2413,18.4614
7.39113,10.4216,9.3577,15.9936

12.0408,16.7328,11.2415,18.4612
7.39143,10.4213,9.35787,15.9934

12.0459,16.7595,11.2881,18.4275
7.42137,10.4766,9.36673,15.8993

12.06,16.8434,11.4342,18.3178
7.51828,10.6566,9.39001,15.5991

12.0662,16.9673,11.6436,18.1462
7.65684,10.9328,9.41528,15.1591

12.0458,17.1213,11.8845,17.9249
7.81405,11.2878,9.42958,14.6325

11.9601,17.3217,12.1104,17.6849
7.95475,11.7256,9.40732,14.0764

11.8368,17.5269,12.3315,17.4073
8.09094,12.2169,9.36373,13.4924

11.6558,17.7462,12.5186,17.1144
8.2021,12.7668,9.28365,12.9114

11.4376,17.951,12.6473,16.8378
8.27613,13.3184,9.17547,12.394

11.262,18.0885,12.7062,16.6494
8.30915,13.716,9.08254,12.0563

11.1598,18.1575,12.7255,16.549
8.32083,13.9328,9.02692,11.8835

11.1437,18.1645,12.724,16.5331
8.32472,13.9677,9.01491,11.8567

11.1419,18.1648,12.7244,16.5313
8.32373,13.9687,9.01569,11.8559

11.1406,18.1649,12.7247,16.5299
8.32303,13.9694,9.01625,11.8553

11.1397,18.165,12.7248,16.529
8.32253,13.9699,9.01664,11.8549

11.139,18.165,12.7249,16.5283
8.32218,13.9703,9.01692,11.8546

11.1385,18.165,12.725,16.5277
8.32193,13.9705,9.01712,11.8544

11.1381,18.165,12.725,16.5273
8.32174,13.9707,9.01726,11.8543

11.1379,18.165,12.725,16.5271
8.32161,13.9708,9.01737,11.8542

11.1377,18.165,12.725,16.5268
8.32152,13.9709,9.01744,11.8541

11.1388,18.1661,12.726,16.5282
8.32151,13.9702,9.01769,11.8546

11.2457,18.2593,12.8075,16.6579
8.32694,13.9107,9.03289,11.8935

11.4971,18.4831,12.9998,16.9661
8.33841,13.7773,9.06575,11.9826

11.8661,18.8195,13.2818,17.4264
8.35231,13.5944,9.10783,12.1095

12.3373,19.259,13.6401,18.0255
8.36588,13.3797,9.15247,12.266

12.9032,19.798,14.0673,18.7587
8.37738,13.1456,9.19484,12.4462

13.5621,20.4372,14.5608,19.6277
8.38596,12.9008,9.23171,12.6456

14.3177,21.1814,15.1221,20.6393
8.39147,12.6509,9.26114,12.8605

15.1782,22.0391,15.7566,21.8055
8.39428,12.4,9.28215,13.0876

16.1575,23.0226,16.4741,23.1435
8.3954,12.1504,9.29467,13.3236

17.2657,24.1467,17.2849,24.6676
8.39561,11.9081,9.2985,13.5618

18.2591,25.1651,18.0167,26.0367
8.39662,11.7237,9.29627,13.7474

18.9476,25.8788,18.5299,26.9857
8.39794,11.6125,9.29319,13.8604

19.2581,26.2298,18.788,27.4133
8.39745,11.5773,9.29579,13.8935

19.2735,26.246,18.7996,27.4339
8.39818,11.576,9.2952,13.8946

19.2745,26.2448,18.7982,27.4351
8.39848,11.5753,9.29467,13.8956

19.2751,26.2439,18.7972,27.4361
8.39868,11.5747,9.29429,13.8963

19.2756,26.2434,18.7965,27.4367
8.39883,11.5743,9.29402,13.8968

19.276,26.2429,18.7961,27.4371
8.39896,11.574,9.29384,13.8972

19.2763,26.2425,18.7957,27.4374
8.39905,11.5738,9.29371,13.8974

19.2765,26.2423,18.7955,27.4377
8.39911,11.5737,9.29361,13.8976

19.2766,26.2422,18.7953,27.4379
8.39914,11.5736,9.29353,13.8978

19.2754,26.2416,18.7948,27.4357
8.39968,11.5748,9.29316,13.8963

19.2021,26.2134,18.7792,27.3126
8.42673,11.6459,9.27662,13.8148

19.0356,26.1452,18.7388,27.0376
8.48482,11.8026,9.23923,13.6374

18.7961,26.041,18.6718,26.6512
8.56261,12.0217,9.18465,13.3951

18.4987,25.9046,18.5769,26.1842
8.65167,12.2873,9.11494,13.1101

18.1551,25.7402,18.4534,25.6609
8.74577,12.5884,9.03129,12.7986

17.7747,25.552,18.3009,25.1004
8.84024,12.9175,8.93426,12.472

17.3652,25.3433,18.1196,24.5172
8.93183,13.2693,8.82424,12.1386

16.9336,25.1163,17.9105,23.9214
9.01858,13.6399,8.70184,11.8037

16.4844,24.8741,17.6737,23.3225
9.09845,14.027,8.56698,11.4715

16.0218,24.6188,17.4095,22.727
9.17015,14.4289,8.41975,11.1452

15.5492,24.3519,17.1186,22.14
9.23272,14.8445,8.26025,10.8265

15.0697,24.0745,16.8015,21.5652
9.28548,15.273,8.08857,10.5169

14.5857,23.7873,16.4589,21.0052
9.32795,15.7138,7.90489,10.2173

14.0994,23.4907,16.0913,20.462
9.35982,16.1665,7.70943,9.92822

13.5976,23.175,15.687,19.9207
9.38138,16.6455,7.49579,9.64131

13.1124,22.8592,15.2711,19.4147
9.39118,17.1215,7.27723,9.37411

11.1413,23.9598,12.7823,21.0229
8.20635,18.7868,6.0012,10.1697

9.49805,24.7365,10.6134,22.3225
7.18739,20.2789,4.90056,10.7971

10.4167,23.0449,12.0487,19.8965
8.26911,19.6945,5.61908,9.58127

11.2228,21.49,13.4056,17.5665
9.32875,19.1268,6.30505,8.40337

9.96719,21.861,11.6564,18.4122
8.54255,20.3932,5.41018,8.81806

6.49831,24.2341,6.42339,22.8606
5.56608,23.8325,2.74201,11.0234

10.2221,20.0568,12.3641,15.8161
9.50748,20.3943,5.76335,7.49882

8.95609,20.5994,10.3903,17.1212
8.48703,21.7756,4.75516,8.1462

9.40061,19.8355,11.1885,15.8646
9.1156,21.376,5.15831,7.51405

9.33814,19.7579,11.0966,15.7993
9.11083,21.4586,5.11238,7.48216

9.33621,19.7595,11.0968,15.7993
9.1087,21.4608,5.11244,7.4821

9.33482,19.7607,11.0969,15.7992
9.10717,21.4623,5.11248,7.48205

9.33383,19.7615,11.0969,15.7992
9.10609,21.4634,5.11251,7.48201

9.33311,19.7621,11.097,15.7991
9.1053,21.4642,5.11253,7.48199

9.33262,19.7625,11.097,15.7991
9.10476,21.4647,5.11254,7.48198

9.33226,19.7628,11.097,15.7991
9.10436,21.4651,5.11255,7.48197

9.33199,19.763,11.097,15.7991
9.10407,21.4654,5.11255,7.48196

9.33181,19.7632,11.0971,15.7991
9.10387,21.4656,5.11256,7.48195

9.33167,19.7633,11.0971,15.7991
9.10372,21.4658,5.11256,7.48195

9.35875,19.7799,11.1438,15.8232
9.10222,21.3829,5.15647,7.52238

8.03013,21.0836,8.95838,18.2664
7.62831,22.5903,4.11019,8.83521

9.76906,19.6644,11.8134,15.6008
9.32411,20.5799,5.65116,7.60887

8.99972,20.5203,10.584,17.16
8.39424,21.0837,5.1093,8.57676

9.01716,20.6627,10.6264,17.4252
8.26476,20.7378,5.25143,8.91006

9.9749,19.9156,12.0628,16.2526
9.04631,19.4481,6.18393,8.4857

10.1313,19.8788,12.2526,16.332
9.021,18.9328,6.45772,8.75244

9.18504,20.8517,10.8928,17.9635
7.95745,19.4326,5.84208,9.93184

10.4369,19.7134,12.5684,16.4561
8.95,17.8707,7.02081,9.32253

10.5793,19.5863,12.6873,16.5006
8.9024,17.3351,7.30327,9.62323

10.7109,19.432,12.7772,16.5341
8.84535,16.8021,7.58276,9.93382

10.8293,19.2525,12.8375,16.5568
8.77822,16.2742,7.85751,10.2541

10.9322,19.0502,12.8677,16.5694
8.70028,15.7537,8.12595,10.5841

11.0178,18.8276,12.8679,16.5721
8.61083,15.2422,8.3867,10.9243

11.0837,18.5871,12.8383,16.5654
8.50941,14.7416,8.63832,11.2746

11.1218,18.3765,12.7916,16.5523
8.41637,14.3378,8.83827,11.5716

11.137,18.236,12.7504,16.5391
8.35271,14.0857,8.96143,11.7642

11.1357,18.1743,12.7308,16.5265
8.32135,13.9812,9.01571,11.8457

11.1348,18.173,12.7306,16.5253
8.31997,13.9789,9.01761,11.8475

11.1345,18.1724,12.7301,16.5247
8.31996,13.9789,9.01758,11.8475

11.1342,18.1719,12.7297,16.5243
8.31995,13.979,9.01755,11.8475

11.1339,18.1715,12.7295,16.524
8.31994,13.979,9.01753,11.8476

11.1337,18.1713,12.7292,16.5238
8.31993,13.979,9.01752,11.8476

11.1336,18.1711,12.7291,16.5236
8.31993,13.979,9.01751,11.8476

11.1335,18.1709,12.729,16.5235
8.31992,13.979,9.0175,11.8476

11.1334,18.1708,12.7289,16.5234
8.31992,13.979,9.0175,11.8476

11.1334,18.1707,12.7288,16.5233
8.31992,13.979,9.01749,11.8476

11.1619,18.1953,12.7504,16.5578
8.32144,13.9628,9.02163,11.8582

11.3136,18.3284,12.8663,16.7421
8.32905,13.8795,9.04265,11.9128

11.571,18.5593,13.0635,17.059
8.34043,13.7455,9.07519,12.0029

11.9154,18.8752,13.3271,17.4899
8.35307,13.5776,9.11335,12.12

12.3355,19.2686,13.6474,18.0244
8.36517,13.388,9.15265,12.2582

12.8249,19.7356,14.0184,18.6576
8.37563,13.1852,9.18993,12.4132

13.3813,20.2752,14.4373,19.3885
8.3839,12.9751,9.22309,12.5819

14.0053,20.8887,14.9038,20.2197
8.38983,12.7615,9.25082,12.7618

14.7005,21.5797,15.4199,21.1564
8.3936,12.5472,9.27245,12.9507

15.473,22.3539,15.9895,22.2069
8.39558,12.3338,9.28768,13.1469

16.332,23.2189,16.6192,23.3818
8.39657,12.1224,9.29678,13.3483

17.2883,24.1872,17.3173,24.6973
8.39665,11.9142,9.29959,13.5535

18.2077,25.1254,17.9908,25.9649
8.39705,11.7399,9.29763,13.7294

18.8733,25.8089,18.481,26.8828
8.39787,11.6276,9.29436,13.8441

19.2251,26.188,18.7564,27.3685
8.39712,11.5783,9.29525,13.8933

19.2734,26.2472,18.8006,27.434
8.39809,11.5765,9.29536,13.8941

19.2741,26.2462,18.7997,27.4347
8.39822,11.5758,9.29512,13.8949

19.2746,26.2455,18.799,27.4353
8.3983,11.5753,9.29493,13.8955

19.2748,26.2452,18.7985,27.4358
8.39833,11.575,9.29477,13.8959

19.275,26.2449,18.7981,27.4362
8.39835,11.5748,9.29466,13.8962

19.2752,26.2446,18.7979,27.4364
8.39839,11.5746,9.29459,13.8964

19.2754,26.2444,18.7977,27.4365
8.39843,11.5744,9.29455,13.8966

19.2755,26.2443,18.7976,27.4366
8.39846,11.5743,9.29452,13.8967

19.2755,26.2442,18.7975,27.4367
8.39846,11.5743,9.29448,13.8968

19.1503,26.1275,18.7159,27.263
8.39919,11.6008,9.29588,13.8682

18.7728,25.772,18.4667,26.7393
8.40115,11.6807,9.29966,13.7825

18.226,25.2507,18.0995,25.9818
8.40362,11.7989,9.30375,13.6578

17.5775,24.625,17.6559,25.0852
8.40599,11.9443,9.30625,13.5075

16.8771,23.9417,17.1675,24.1199
8.40773,12.1092,9.30558,13.3415

16.1591,23.2346,16.6568,23.1349
8.40837,12.2883,9.30048,13.1669

15.4457,22.5275,16.1391,22.1631
8.40719,12.478,9.2898,12.989

14.7518,21.8338,15.625,21.2238
8.40436,12.6754,9.27322,12.8111

14.0847,21.1637,15.1204,20.3292
8.39919,12.8787,9.24998,12.6361

13.4485,20.5224,14.6287,19.4854
8.39129,13.087,9.21968,12.4661

12.8447,19.9125,14.1516,18.6948
8.38031,13.2991,9.18206,12.3025

12.273,19.3344,13.6897,17.9574
8.36595,13.5144,9.13699,12.1466

11.7572,18.8109,13.2622,17.3021
8.34892,13.7206,9.08724,12.0072

11.4009,18.4468,12.9596,16.8555
8.33454,13.8692,9.04728,11.913

11.199,18.2363,12.7831,16.6042
8.32541,13.9529,9.0228,11.8629

11.1444,18.1647,12.724,16.5339
8.32523,13.9676,9.01442,11.8568

11.1438,18.1653,12.7245,16.5334
8.32479,13.9682,9.01475,11.8562

11.1434,18.1657,12.7249,16.533
8.32448,13.9687,9.01499,11.8558

11.1431,18.166,12.7252,16.5327
8.32426,13.969,9.01515,11.8556

11.1428,18.1662,12.7254,16.5325
8.32411,13.9693,9.01527,11.8554

11.1427,18.1664,12.7255,16.5324
8.32399,13.9694,9.01536,11.8552

11.1426,18.1665,12.7256,16.5323
8.32391,13.9695,9.01542,11.8551

11.1425,18.1666,12.7257,16.5322
8.32385,13.9696,9.01547,11.855

11.1424,18.1667,12.7257,16.5321
8.32381,13.9697,9.0155,11.855

11.14,18.1799,12.7292,16.5319
8.33086,13.9963,9.00258,11.8342

11.1245,18.2596,12.7489,16.5309
8.37283,14.1579,8.92364,11.7096

11.0942,18.3913,12.7761,16.5286
8.43983,14.4315,8.78879,11.5039

11.0468,18.5564,12.7996,16.5239
8.51992,14.7885,8.61078,11.2448

10.9806,18.7399,12.8102,16.5153
8.60457,15.2088,8.39865,10.952

10.894,18.9302,12.8,16.5016
8.68728,15.6788,8.15842,10.6395

10.7882,19.1178,12.7643,16.4813
8.76479,16.1875,7.89573,10.3159

10.664,19.2948,12.6993,16.4531
8.83467,16.7272,7.61451,9.98758

10.5232,19.4548,12.6026,16.4157
8.89585,17.2919,7.31816,9.65809

9.07642,20.8217,10.7419,18.1358
7.7554,19.0653,5.96206,10.3813

10.2007,19.7026,12.309,16.3066
8.99147,18.478,6.69124,9.0033

10.0237,19.7816,12.1108,16.2318
9.02653,19.0926,6.36517,8.67971

8.93258,20.6641,10.5096,17.5426
8.15447,20.6118,5.27746,9.12024

6.52809,22.6738,6.78438,20.9973
5.91966,23.487,3.1053,10.652

9.44591,19.8434,11.2932,15.989
9.04777,20.948,5.37072,7.79752

7.37761,21.5577,7.88874,19.223
6.99413,23.3652,3.51543,9.28923

9.33352,19.755,11.0985,15.7973
9.10505,21.448,5.12019,7.49073

9.33256,19.7525,11.0915,15.7947
9.10845,21.461,5.11185,7.48272

9.33041,19.7551,11.0921,15.7949
9.10577,21.4637,5.11197,7.48258

9.32888,19.757,11.0926,15.7952
9.10385,21.4656,5.11206,7.48248

9.32783,19.7584,11.0929,15.7953
9.10251,21.467,5.11212,7.48241

9.3271,19.7594,11.0931,15.7955
9.10157,21.4679,5.11217,7.48236

9.32656,19.7601,11.0933,15.7956
9.10088,21.4686,5.1122,7.48233

9.32619,19.7606,11.0935,15.7957
9.10039,21.4691,5.11222,7.48231

9.32594,19.761,11.0936,15.7957
9.10005,21.4694,5.11224,7.48228

9.32576,19.7613,11.0937,15.7958
9.0998,21.4697,5.11225,7.48226

9.34332,19.7682,11.1116,15.8076
9.10662,21.4403,5.12449,7.49263

9.49414,19.83,11.2679,15.9109
9.1609,21.1852,5.23273,7.58518

9.92281,19.7886,11.7981,15.832
9.41505,20.5717,5.5589,7.6184

7.0988,22.8088,7.14056,21.2059
6.35352,23.1411,3.19666,10.4728

9.6167,21.0095,10.8146,18.0921
8.58057,20.375,5.19741,9.01097

11.0076,20.2309,12.6036,16.9639
9.59116,18.7632,6.24514,8.56448

11.5014,20.2826,12.9431,17.3264
9.69012,18.0159,6.54332,8.91461

8.24998,23.9174,8.10726,22.955
6.50779,20.5066,3.98264,12.167

12.5219,20.2879,13.4918,18.1392
9.82348,16.5088,7.11025,9.72149

13.0258,20.2451,13.6817,18.5863
9.84863,15.7722,7.36477,10.1784

13.5113,20.178,13.8084,19.0575
9.84189,15.0588,7.5929,10.6704

13.8889,20.1132,13.867,19.4596
9.81115,14.499,7.75727,11.0966

14.1183,20.0688,13.8833,19.7221
9.78084,14.1564,7.84985,11.3769

14.2138,20.0569,13.8909,19.8375
9.76397,14.0166,7.88724,11.4961

14.2164,20.0569,13.8912,19.8407
9.76377,14.0135,7.88792,11.4988

14.2182,20.0559,13.8905,19.842
9.76487,14.0124,7.8873,11.4994

14.2197,20.055,13.8899,19.8433
9.76581,14.0115,7.88676,11.4999

14.2205,20.0546,13.8895,19.8439
9.76632,14.011,7.88647,11.5002

14.2211,20.0543,13.8893,19.8444
9.76668,14.0106,7.88627,11.5004

14.2216,20.0541,13.8892,19.8448
9.76693,14.0104,7.88612,11.5006

14.2219,20.0539,13.8891,19.845
9.76712,14.0102,7.88602,11.5007

14.2221,20.0538,13.889,19.8452
9.76726,14.01,7.88594,11.5008

14.2223,20.0538,13.889,19.8454
9.76736,14.0099,7.88589,11.5008

14.2225,20.0537,13.8889,19.8455
9.76743,14.0099,7.88584,11.5009

14.2226,20.0537,13.8889,19.8456
9.76749,14.0098,7.88581,11.5009

14.2227,20.0537,13.8889,19.8457
9.76753,14.0098,7.88579,11.5009

14.2227,20.0536,13.8889,19.8457
9.76757,14.0097,7.88577,11.5009

14.2227,20.0536,13.8889,19.8457
9.76758,14.0097,7.88576,11.5009

14.2227,20.0536,13.8888,19.8457
9.76758,14.0097,7.88576,11.5009

14.2227,20.0536,13.8888,19.8457
9.76758,14.0097,7.88576,11.5009

14.2227,20.0536,13.8888,19.8457
9.76758,14.0097,7.88576,11.5009

14.2227,20.0536,13.8889,19.8457
9.76758,14.0097,7.88576,11.5009

14.2227,20.0536,13.8889,19.8457
9.76758,14.0097,7.88576,11.5009

14.2227,20.0536,13.8889,19.8457
9.76758,14.0097,7.88576,11.5009

14.2227,20.0536,13.8889,19.8457
9.76758,14.0097,7.88576,11.5009

14.2227,20.0536,13.8888,19.8457
9.76758,14.0097,7.88576,11.5009

14.2207,20.0546,13.8898,19.8445
9.76556,14.0097,7.88724,11.5015

14.0894,20.1198,13.9524,19.7642
9.62923,14.0011,7.98994,11.5437

13.7979,20.2529,14.098,19.5729
9.32418,13.9633,8.23504,11.6415

13.402,20.4034,14.3069,19.2745
8.91687,13.8862,8.59684,11.7641

12.9468,20.5279,14.5651,18.8692
8.45897,13.7598,9.06021,11.885

12.4684,20.5924,14.8603,18.3595
7.98798,13.5762,9.61612,11.9838

11.9948,20.5717,15.1802,17.7523
7.52964,13.3302,10.2582,12.0459

11.546,20.4492,15.5112,17.0591
7.10038,13.0204,10.9809,12.0623

11.1351,20.2153,15.8382,16.294
6.70929,12.6476,11.7789,12.0281

13.7108,16.9746,18.4092,13.1051
8.22712,10.3441,14.5581,10.0346

13.107,16.8692,18.3,12.6795
7.72948,10.1346,15.177,10.123

10.3081,19.1191,16.518,14.1777
5.92175,11.4741,14.0441,11.724

10.2247,18.9305,16.5716,13.9061
5.84531,11.3123,14.3387,11.6677

12.985,16.1741,18.4778,11.8302
7.5501,9.57083,16.1749,9.86815

12.7251,16.4286,18.3014,12.0187
7.38931,9.73034,16.0099,10.0345

10.212,18.8972,16.571,13.8678
5.83593,11.2889,14.3767,11.6624

10.2117,18.8971,16.5717,13.8667
5.83556,11.2886,14.378,11.6619

10.2115,18.897,16.5723,13.866
5.83532,11.2884,14.3789,11.6614

10.2113,18.897,16.5727,13.8654
5.83515,11.2882,14.3795,11.6611

10.2112,18.897,16.573,13.8651
5.83503,11.2882,14.3799,11.6609

10.2114,18.8968,16.5735,13.8647
5.83514,11.288,14.3804,11.6605

10.211,18.8969,16.5734,13.8646
5.83488,11.288,14.3805,11.6606

10.2194,18.9094,16.5744,13.8839
5.83779,11.2912,14.3676,11.6674

10.3126,19.0465,16.5872,14.0948
5.86983,11.3256,14.2276,11.741

13.3436,16.5012,18.6102,12.3735
7.67053,9.64131,15.7947,10.0575

13.4998,16.9486,18.6102,12.9769
7.67571,9.79692,15.373,10.3183

14.3957,16.8092,19.1071,13.1968
8.09728,9.56384,15.3078,10.1951

11.4948,20.5416,16.8135,16.4635
6.25999,11.6097,12.8611,12.4332

25.0619,8.18217,26.607,7.27254
13.8979,4.20276,20.0784,4.98496

16.2078,17.9724,19.8142,15.4041
8.65737,9.65902,14.1152,10.7324

13.1919,22.177,17.1951,19.2924
6.791,11.7579,11.592,13.0231

13.9328,22.7778,17.3711,20.4051
7.01233,11.7738,11.1753,13.2026

14.7727,23.4032,17.5753,21.6068
7.25536,11.7705,10.7682,13.37

15.7204,24.0539,17.8109,22.9038
7.51946,11.7475,10.3724,13.5246

16.7857,24.7334,18.0817,24.3055
7.80349,11.7052,9.9893,13.666

17.8776,25.3933,18.3718,25.696
8.07899,11.6501,9.65168,13.7833

18.7024,25.8782,18.601,26.7252
8.27588,11.6039,9.4267,13.8575

19.1779,26.1662,18.7485,27.3139
8.3816,11.577,9.31137,13.894

19.27,26.2469,18.8014,27.4316
8.39499,11.5743,9.29824,13.8965

19.2715,26.2459,18.8002,27.4328
8.39599,11.5743,9.29719,13.8965

19.2726,26.2452,18.7994,27.4336
8.39671,11.5743,9.29647,13.8966

19.2733,26.2448,18.7988,27.4343
8.39719,11.5743,9.29592,13.8966

19.2737,26.2446,18.7983,27.4349
8.3975,11.5743,9.29551,13.8967

19.274,26.2444,18.7979,27.4353
8.39773,11.5743,9.29521,13.8967

19.2743,26.2442,18.7977,27.4355
8.39793,11.5743,9.29502,13.8967

19.2746,26.244,18.7976,27.4356
8.39809,11.5743,9.2949,13.8967

19.2747,26.2439,18.7975,27.4357
8.3982,11.5743,9.2948,13.8967

19.2256,26.1838,18.7501,27.3574
8.41274,11.5975,9.28198,13.8718

18.9766,25.8794,18.5108,26.9628
8.48449,11.7131,9.21839,13.7481

18.5698,25.3815,18.1202,26.3237
8.59938,11.9002,9.11483,13.5496

18.0549,24.7507,17.6255,25.5229
8.74323,12.1382,8.982,13.3005

17.4705,24.0344,17.0632,24.624
8.90573,12.4124,8.82732,13.0185

16.8445,23.2696,16.4592,23.6751
9.07885,12.7129,8.65556,12.7167

16.1996,22.4792,15.8341,22.7071
9.25818,13.0309,8.47149,12.4034

15.5477,21.6837,15.1982,21.7454
9.43792,13.3621,8.27673,12.0872

14.9403,20.9399,14.6013,20.8638
9.59841,13.669,8.09358,11.803

14.5174,20.4209,14.1828,20.2586
9.70595,13.8821,7.96475,11.6112

14.2884,20.134,13.952,19.9344
9.76012,13.9892,7.89758,11.5171

14.2314,20.0561,13.8914,19.8558
9.76802,14.0029,7.88674,11.5064

14.229,20.0584,13.8931,19.8542
9.76629,14.0046,7.88774,11.5053

14.2274,20.06,13.8942,19.8531
9.76509,14.0058,7.88845,11.5046

14.2263,20.0611,13.895,19.8523
9.76425,14.0067,7.88894,11.5041

14.2255,20.0619,13.8956,19.8517
9.76364,14.0073,7.8893,11.5038

14.2249,20.0624,13.896,19.8513
9.76321,14.0077,7.88955,11.5035

14.2245,20.0628,13.8963,19.851
9.76291,14.008,7.88973,11.5033

14.2242,20.0631,13.8965,19.8508
9.76269,14.0082,7.88985,11.5032

14.224,20.0633,13.8967,19.8507
9.76253,14.0084,7.88995,11.5031

14.2017,20.054,13.8905,19.8292
9.75157,14.0092,7.89728,11.5059

13.9798,19.9545,13.8243,19.6121
9.64358,14.016,7.97035,11.5341

13.5755,19.7602,13.6975,19.2087
9.44848,14.0251,8.10614,11.5843

13.0686,19.4955,13.5296,18.6891
9.2047,14.0301,8.28364,11.6456

12.505,19.1724,13.3322,18.092
8.93416,14.0262,8.49263,11.711

11.9311,18.8003,13.1107,17.458
8.66379,14.0108,8.71568,11.7737

11.5006,18.482,12.9218,16.9622
8.46901,13.9916,8.88567,11.8177

11.2446,18.2743,12.7977,16.6587
8.35768,13.9772,8.98647,11.8427

11.1481,18.1693,12.7262,16.5386
8.32779,13.9709,9.01131,11.854

11.1448,18.1647,12.7226,16.5343
8.3275,13.971,9.01124,11.8542

11.1448,18.1647,12.7226,16.5343
8.3275,13.971,9.01124,11.8542

11.1448,18.1647,12.7226,16.5343
8.3275,13.971,9.01124,11.8542

11.1448,18.1647,12.7226,16.5343
8.3275,13.971,9.01124,11.8542

11.1448,18.1647,12.7226,16.5343
8.3275,13.971,9.01124,11.8542

11.1448,18.1647,12.7226,16.5343
8.3275,13.971,9.01124,11.8542

11.1448,18.1647,12.7226,16.5343
8.3275,13.971,9.01124,11.8542

11.1448,18.1647,12.7226,16.5343
8.3275,13.971,9.01124,11.8542

11.1448,18.1647,12.7226,16.5343
8.3275,13.971,9.01124,11.8542

11.1448,18.1647,12.7226,16.5343
8.3275,13.971,9.01124,11.8542

11.1448,18.1647,12.7226,16.5343
8.3275,13.971,9.01124,11.8542

11.1448,18.1647,12.7226,16.5343
8.3275,13.971,9.01124,11.8542

11.1448,18.1647,12.7226,16.5343
8.3275,13.971,9.01124,11.8542

11.1448,18.1647,12.7226,16.5343
8.3275,13.971,9.01124,11.8542

11.1448,18.1647,12.7226,16.5343
8.3275,13.971,9.01124,11.8542

11.1448,18.1647,12.7226,16.5343
8.3275,13.971,9.01124,11.8542

11.1448,18.1647,12.7226,16.5343
8.3275,13.971,9.01124,11.8542

11.1448,18.1647,12.7226,16.5343
8.3275,13.971,9.01124,11.8542

11.1448,18.1647,12.7226,16.5343
8.3275,13.971,9.01124,11.8542

11.1448,18.1647,12.7226,16.5343
8.3275,13.971,9.01124,11.8542

11.1448,18.1647,12.7226,16.5343
8.3275,13.971,9.01124,11.8542

11.1448,18.1647,12.7226,16.5343
8.3275,13.971,9.01124,11.8542

11.1467,18.1643,12.7223,16.5363
8.32816,13.9691,9.011,11.8557

11.3017,18.1263,12.6967,16.6952
8.38089,13.8144,8.99012,11.9786

11.6525,18.0475,12.6314,17.0702
8.4924,13.4728,8.93415,12.2647

12.1401,17.9505,12.5204,17.6262
8.63057,13.015,8.83579,12.6827

12.7228,17.8522,12.3559,18.3421
8.77102,12.493,8.68731,13.2127

13.3727,17.7648,12.1337,19.2027
8.89793,11.9425,8.48428,13.8393

14.0719,17.6988,11.8537,20.1967
9.0018,11.3878,8.22564,14.5488

14.7223,17.6841,11.5941,21.1618
9.07268,10.9224,7.96769,15.2013

15.1647,17.6983,11.4147,21.8421
9.10772,10.6309,7.78266,15.6428

15.3982,17.7274,11.3433,22.1969
9.12395,10.4954,7.69356,15.851

15.4343,17.7499,11.3547,22.2461
9.12604,10.4859,7.68905,15.863

15.4319,17.7524,11.3507,22.2499
9.12451,10.4874,7.68621,15.8659

15.4365,17.7478,11.3534,22.2473
9.12738,10.4846,7.68809,15.864

15.4382,17.7461,11.3539,22.2468
9.12845,10.4835,7.68845,15.8636

15.437,17.7473,11.3522,22.2484
9.1277,10.4842,7.68724,15.8648

15.4331,17.7513,11.3483,22.2521
9.12521,10.4867,7.68445,15.8676

15.4369,17.7474,11.3514,22.2493
9.12766,10.4843,7.6866,15.8655

15.437,17.7473,11.3512,22.2494
9.12771,10.4842,7.68647,15.8656

15.4371,17.7472,11.3511,22.2495
9.12779,10.4841,7.68641,15.8657

15.4172,17.7531,11.3606,22.2239
9.12493,10.4991,7.69392,15.846

15.2658,17.7752,11.4686,21.9695
9.11678,10.6155,7.77854,15.6531

14.9882,17.8134,11.649,21.5179
9.09691,10.8282,7.92282,15.316

14.6137,17.8632,11.8633,20.9358
9.06069,11.1163,8.0988,14.8882

14.1673,17.9191,12.0856,20.2711
9.00599,11.4637,8.28718,14.4071

13.6535,17.9918,12.2834,19.5737
8.92088,11.8691,8.46401,13.91

13.1127,18.0523,12.4669,18.8481
8.82168,12.3077,8.63573,13.3988

12.5424,18.1115,12.6141,18.1265
8.69833,12.7826,8.78603,12.8971

11.9613,18.1613,12.7106,17.4376
8.55316,13.2769,8.90576,12.4282

11.5126,18.1846,12.7443,16.9343
8.42917,13.6627,8.97544,12.0967

11.2399,18.1879,12.7448,16.6392
8.34952,13.8971,9.00795,11.9094

11.1451,18.1653,12.7245,16.5347
8.32534,13.9674,9.01445,11.8568

11.1443,18.1649,12.7239,16.5338
8.32543,13.9684,9.01404,11.8562

11.1441,18.1651,12.724,16.5336
8.32554,13.969,9.01378,11.8557

11.1439,18.1653,12.724,16.5335
8.32561,13.9695,9.0136,11.8553

11.1438,18.1654,12.724,16.5334
8.32566,13.9698,9.01347,11.855

11.1437,18.1655,12.724,16.5333
8.3257,13.9701,9.01338,11.8548

11.1437,18.1656,12.7241,16.5333
8.32572,13.9703,9.01332,11.8547

11.1436,18.1656,12.7241,16.5333
8.32573,13.9704,9.01328,11.8546

11.1436,18.1657,12.7241,16.5332
8.32575,13.9705,9.01327,11.8545

11.1436,18.1657,12.7241,16.5332
8.32575,13.9705,9.01325,11.8545

11.2013,18.2159,12.7681,16.603
8.3287,13.9382,9.02155,11.8755

11.3679,18.3636,12.896,16.8064
8.33662,13.8482,9.0443,11.9349

11.6114,18.5839,13.0833,17.1071
8.34679,13.7233,9.07463,12.0193

11.9268,18.8753,13.3259,17.5025
8.35785,13.5712,9.10941,12.1255

12.3017,19.2281,13.6133,17.9796
8.36838,13.4028,9.14494,12.2479

12.7305,19.6386,13.9404,18.5333
8.37761,13.2243,9.17891,12.3832

13.2104,20.1048,14.3045,19.1618
8.38513,13.0402,9.20978,12.5289

13.7409,20.6267,14.7044,19.8652
8.39082,12.8534,9.23659,12.6832

14.3234,21.2055,15.1406,20.6459
8.39474,12.666,9.25877,12.8445

14.9607,21.8439,15.6148,21.508
8.39711,12.4791,9.27607,13.0117

15.6577,22.5455,16.1303,22.457
8.39844,12.2935,9.28862,13.1835

16.4198,23.3167,16.6907,23.5014
8.39862,12.11,9.29615,13.3592

17.2554,24.1642,17.3021,24.6506
8.39837,11.9289,9.29909,13.5376

18.1145,25.0382,17.9299,25.8348
8.39824,11.7625,9.29798,13.7053

18.7744,25.7125,18.4132,26.7453
8.39847,11.6473,9.29512,13.8231

19.1721,26.1245,18.7089,27.2941
8.39905,11.5851,9.29295,13.8869

19.2724,26.2473,18.8008,27.4328
8.3979,11.577,9.29557,13.8935

19.2729,26.2468,18.8003,27.4333
8.39813,11.5768,9.29528,13.8938

19.2733,26.2464,18.7999,27.4336
8.39835,11.5765,9.29511,13.894

19.2737,26.2459,18.7997,27.4337
8.39853,11.5764,9.29499,13.8941

19.2738,26.2459,18.7995,27.434
8.39858,11.5763,9.29486,13.8942

19.2738,26.2459,18.7992,27.4343
8.39858,11.5763,9.29472,13.8944

19.2739,26.2459,18.799,27.4345
8.3986,11.5763,9.29464,13.8945

19.274,26.2457,18.799,27.4345
8.39867,11.5762,9.29462,13.8945

19.2742,26.2455,18.799,27.4344
8.39876,11.5761,9.29462,13.8945

19.2743,26.2454,18.799,27.4345
8.3988,11.5761,9.2946,13.8945

19.2742,26.2455,18.7989,27.4346
8.39874,11.5761,9.29456,13.8946

19.2741,26.2456,18.7988,27.4347
8.3987,11.5762,9.29452,13.8946

19.2741,26.2456,18.7988,27.4347
8.39871,11.5762,9.29453,13.8946

19.2742,26.2455,18.7989,27.4346
8.39876,11.5761,9.29457,13.8945

19.2743,26.2454,18.799,27.4345
8.39879,11.5761,9.29459,13.8945

19.2742,26.2455,18.7989,27.4345
8.39877,11.5761,9.29458,13.8945

19.2741,26.2456,18.7989,27.4346
8.39872,11.5762,9.29454,13.8946

19.2741,26.2456,18.7988,27.4347
8.39871,11.5762,9.29453,13.8946

19.2742,26.2456,18.7989,27.4346
8.39874,11.5762,9.29455,13.8946

19.2743,26.2455,18.799,27.4345
8.39878,11.5761,9.29458,13.8945

19.2743,26.2455,18.799,27.4345
8.39878,11.5761,9.29458,13.8945

19.2742,26.2456,18.7989,27.4346
8.39874,11.5762,9.29455,13.8946

19.2741,26.2456,18.7988,27.4346
8.39871,11.5762,9.29453,13.8946

19.1895,25.9895,18.5781,27.3066
8.42274,11.5427,9.25531,13.9432

18.9331,25.2476,17.9385,26.9243
8.49155,11.4463,9.14014,14.086

18.5506,24.2052,17.0369,26.3672
8.58766,11.3103,8.97164,14.2944

18.0814,23.0106,15.9983,25.7023
8.69744,11.1527,8.76657,14.5473

17.5688,21.7567,14.9216,24.9701
8.81723,10.9807,8.54348,14.8226

17.0036,20.5439,13.8375,24.2326
8.92262,10.8201,8.29551,15.1258

16.4236,19.3928,12.8075,23.4885
9.01929,10.6684,8.04504,15.4313

15.9375,18.5236,12.03,22.8774
9.08411,10.5609,7.84951,15.6695

15.622,18.0017,11.5635,22.4862
9.11826,10.5009,7.72983,15.815

15.4569,17.7772,11.3708,22.2805
9.12572,10.4865,7.68834,15.8634

15.4381,17.7605,11.3574,22.2579
9.12408,10.4877,7.68754,15.8647

15.4375,17.761,11.3569,22.2583
9.12366,10.4879,7.68728,15.8651

15.4372,17.7613,11.3567,22.2585
9.12343,10.4881,7.68717,15.8653

15.4374,17.761,11.357,22.2582
9.12357,10.4878,7.68738,15.8652

15.4378,17.7607,11.3573,22.258
9.12375,10.4876,7.68761,15.865

15.4382,17.7602,11.3576,22.2576
9.12398,10.4873,7.68788,15.8648

15.4382,17.7602,11.3577,22.2576
9.12397,10.4873,7.6879,15.8648

15.4379,17.7605,11.3574,22.2578
9.12378,10.4875,7.68774,15.865

15.4375,17.7608,11.3571,22.2581
9.12355,10.4877,7.68754,15.8652

15.4377,17.7985,11.4223,22.2142
9.15042,10.5423,7.70559,15.7657

15.4353,17.9112,11.6185,22.0778
9.23001,10.7082,7.75846,15.4674

15.4159,18.0824,11.9005,21.8712
9.33908,10.9609,7.82797,15.036

15.3651,18.3013,12.2323,21.6111
9.45814,11.2857,7.89838,14.5218

15.2567,18.5754,12.5712,21.325
9.56209,11.683,7.94775,13.9711

15.1069,18.8748,12.9171,21.0037
9.65522,12.1318,7.98216,13.3948

14.9046,19.201,13.246,20.664
9.72467,12.6327,7.99068,12.816

14.6521,19.5455,13.54,20.3215
9.76368,13.1758,7.96894,12.2556

14.4275,19.8197,13.7407,20.0595
9.77279,13.6205,7.93192,11.8388

14.279,19.9894,13.8504,19.9028
9.76902,13.9014,7.90063,11.5929

14.2274,20.0463,13.884,19.8494
9.76933,14.0016,7.88567,11.5074

14.2266,20.0487,13.8858,19.8493
9.76823,14.0027,7.88634,11.5067

14.2261,20.0505,13.8871,19.8492
9.76745,14.0035,7.88682,11.5062

14.2257,20.0518,13.8881,19.8493
9.7669,14.0041,7.88717,11.5059

14.2255,20.0527,13.8888,19.8493
9.76651,14.0045,7.88741,11.5056

14.2253,20.0534,13.8893,19.8493
9.76623,14.0047,7.88759,11.5054

14.2252,20.0539,13.8897,19.8494
9.76603,14.0049,7.88771,11.5053

14.2252,20.0544,13.89,19.8494
9.76586,14.0051,7.88782,11.5052

14.2251,20.0547,13.8902,19.8495
9.76576,14.0052,7.88788,11.5051

14.2251,20.0549,13.8904,19.8495
9.76568,14.0053,7.88793,11.5051

14.1779,20.0716,13.8943,19.7933
9.7744,14.0829,7.8684,11.4383

14.0416,20.1162,13.8992,19.6352
9.79637,14.3032,7.81105,11.2534

13.8342,20.1757,13.8918,19.4057
9.82163,14.6301,7.72111,10.9911

13.5676,20.24,13.8594,19.1273
9.84169,15.0398,7.60104,10.6815

13.2515,20.3007,13.7923,18.8173
9.85022,15.5154,7.45236,10.3461

12.8941,20.3505,13.6835,18.4879
9.84303,16.0448,7.27665,9.99947

12.5027,20.3837,13.5283,18.1486
9.81736,16.6195,7.07524,9.65185

7.29361,25.004,6.81942,24.4478
5.65004,21.3324,3.25656,12.925

8.42711,23.4467,8.52057,22.1078
6.83911,20.7331,4.12153,11.4703

10.2307,21.2421,11.3511,18.5697
8.73201,19.437,5.57547,9.41951

10.7297,20.2529,12.416,16.7898
9.51688,19.2528,6.05031,8.34399

6.71732,23.3887,6.53062,22.1014
5.90944,23.4346,2.88254,10.9374

7.83973,21.7818,8.40264,19.4415
7.24013,22.6785,3.79947,9.44594

7.3731,21.782,7.76927,19.5706
6.92574,23.3799,3.43687,9.42147

9.07876,20.0474,10.6241,16.352
8.80872,21.6358,4.97259,7.74694

9.33674,19.7582,11.0962,15.7989
9.10961,21.4598,5.11238,7.48222

9.3334,19.7593,11.0956,15.798
9.10657,21.4628,5.11237,7.48222

9.331,19.76,11.095,15.7973
9.10442,21.465,5.11236,7.48223

9.32927,19.7604,11.0946,15.7968
9.10288,21.4665,5.11234,7.48225

9.32802,19.7607,11.0943,15.7964
9.10179,21.4676,5.11232,7.48227

9.32711,19.7609,11.094,15.7962
9.101,21.4684,5.1123,7.48229

9.32644,19.761,11.0938,15.796
9.10043,21.469,5.11228,7.48232

9.32597,19.7611,11.0936,15.7958
9.10003,21.4694,5.11227,7.48232

9.32563,19.7611,11.0935,15.7957
9.09975,21.4697,5.11227,7.48232

9.3256,19.763,11.0956,15.7967
9.09842,21.4679,5.11393,7.48372

9.33525,19.8497,11.1931,15.848
9.04569,21.378,5.19164,7.5487

8.79759,20.5326,10.4907,16.8894
8.3531,21.7543,4.89111,8.16548

6.40432,22.9506,7.01488,20.8978
5.78083,23.8815,3.14576,10.3559

5.75585,23.8508,6.47381,21.939
5.02043,24.1235,2.92607,11.094

8.63692,21.548,11.1792,17.5807
7.62614,20.9592,5.56561,9.01303

9.51074,21.0337,12.8054,16.3979
8.22677,19.7431,6.6133,8.58078

9.56083,21.2446,13.2061,16.4452
8.03627,19.2845,7.01636,8.82689

9.61412,21.4161,13.6053,16.4556
7.84966,18.8002,7.44414,9.06999

9.66984,21.5423,13.9956,16.4288
7.66858,18.2949,7.893,9.30756

9.72833,21.6185,14.3728,16.3643
7.49467,17.7712,8.36096,9.5372

7.73182,23.6001,12.3516,18.7258
5.68593,18.8797,7.31081,11.2875

9.84788,21.6147,15.0649,16.1343
7.16645,16.6821,9.34295,9.97249

9.90765,21.5324,15.3728,15.9732
7.0117,16.121,9.85366,10.1777

9.96577,21.3968,15.6507,15.7855
6.86206,15.5515,10.3751,10.3753

10.0219,21.2049,15.8996,15.5704
6.71445,14.9663,10.9144,10.5689

12.7598,18.364,18.5305,12.8112
8.4536,12.5056,13.2985,8.90624

20.8101,10.2799,25.302,5.63666
13.6855,6.51669,19.1644,3.79749

21.1045,9.66642,25.2083,5.56811
13.5415,5.93939,19.8007,3.88236

12.9047,17.2863,18.6178,12.3134
7.92314,10.8494,14.9137,9.47782

13.0686,16.7155,18.6741,12.0147
7.84069,10.2226,15.5356,9.56511

10.2106,19.1784,16.5771,14.0366
5.9165,11.6224,14.0602,11.5649

10.2089,18.9663,16.5776,13.9015
5.85401,11.3706,14.3058,11.6336

10.2089,18.901,16.5771,13.8614
5.83472,11.2929,14.3811,11.6553

10.2089,18.8998,16.5755,13.8618
5.83499,11.2926,14.3802,11.6562

10.2089,18.8989,16.5743,13.8621
5.83519,11.2924,14.3796,11.6568

10.2089,18.8983,16.5735,13.8623
5.83534,11.2923,14.3791,11.6573

10.2089,18.8978,16.5729,13.8624
5.83544,11.2922,14.3788,11.6576

10.2089,18.8974,16.5724,13.8625
5.83553,11.2921,14.3785,11.6578

10.209,18.8971,16.5721,13.8625
5.83561,11.2921,14.3783,11.658

10.2089,18.8969,16.5718,13.8625
5.83563,11.292,14.3782,11.6581

10.2089,18.8968,16.5716,13.8626
5.83565,11.292,14.3781,11.6582

10.2089,18.8966,16.5714,13.8626
5.83567,11.2919,14.3781,11.6583

10.2584,18.8405,16.4224,14.001
5.87594,11.2712,14.2312,11.7856

10.4073,18.6707,15.9721,14.4157
5.99773,11.2082,13.7902,12.1679

13.278,15.797,17.1869,13.0552
7.84197,9.44777,14.892,10.9823

13.7069,15.3154,16.5141,13.6614
8.18471,9.21329,14.2252,11.5408

19.7555,9.19878,19.8329,10.1517
12.1399,5.44771,17.1555,8.42081

11.5501,17.3414,12.5837,17.3836
6.95966,10.6813,10.5779,14.9452

11.8207,17.0141,11.8407,17.9918
7.19461,10.5418,9.89753,15.5301

11.9783,16.8169,11.3915,18.3508
7.33536,10.4582,9.49058,15.8798

12.0283,16.7444,11.242,18.4609
7.3824,10.4279,9.35932,15.9944

12.0292,16.7438,11.2408,18.4621
7.38309,10.4276,9.35805,15.9952

12.0349,16.7382,11.2438,18.4591
7.38691,10.424,9.3607,15.9924

12.0491,16.7249,11.2539,18.4503
7.39625,10.4163,9.36819,15.9833

12.0349,16.7384,11.2422,18.4607
7.38701,10.4243,9.35909,15.9936

12.035,16.7383,11.2419,18.461
7.38716,10.4243,9.35873,15.9938

12.0449,16.7289,11.2492,18.4545
7.39362,10.4185,9.36451,15.9874

12.0338,16.7397,11.2403,18.4626
7.38639,10.4252,9.35728,15.9951

12.031,16.7426,11.238,18.4649
7.38457,10.4271,9.35511,15.9972

12.0308,16.7428,11.2377,18.4652
7.38441,10.4273,9.35479,15.9975

12.0581,16.7682,11.265,18.4792
7.40915,10.4535,9.34782,15.9535

12.1877,16.8842,11.392,18.5434
7.52801,10.5768,9.31225,15.7469

12.3805,17.0972,11.5878,18.6613
7.7123,10.797,9.23635,15.4184

12.6128,17.3565,11.8307,18.7962
7.93809,11.0693,9.14058,15.0161

12.8674,17.6631,12.1091,18.945
8.19388,11.3944,9.0204,14.5553

13.1246,18.0028,12.4051,19.0972
8.46307,11.7591,8.87878,14.063

13.3729,18.3679,12.7076,19.2472
8.73606,12.1569,8.71693,13.5541

13.6049,18.7525,13.008,19.3918
9.00607,12.5831,8.53604,13.0388

13.8169,19.1519,13.3002,19.5292
9.26873,13.0336,8.33762,12.5241

14.0006,19.5455,13.5662,19.6606
9.50493,13.476,8.1357,12.0473

14.1237,19.8323,13.7496,19.7559
9.66369,13.794,7.98757,11.7187

14.1951,20.0013,13.8549,19.8172
9.74782,13.9703,7.90478,11.5411

14.2261,20.0471,13.8846,19.8483
9.76857,14.0025,7.88608,11.5069

14.2249,20.0481,13.8853,19.8473
9.76808,14.0038,7.88623,11.5058

14.2241,20.0489,13.8857,19.8466
9.76773,14.0048,7.88634,11.5051

14.2242,20.049,13.8869,19.8457
9.76815,14.0048,7.88701,11.504

14.2239,20.0491,13.8872,19.845
9.76805,14.0052,7.88717,11.5036

14.2228,20.05,13.8865,19.8456
9.76718,14.0063,7.88651,11.504

14.2226,20.0502,13.8867,19.8454
9.76709,14.0066,7.88654,11.5038

14.2224,20.0504,13.8868,19.8452
9.76702,14.0067,7.88656,11.5037

14.2223,20.0505,13.8868,19.8451
9.76697,14.0069,7.88658,11.5036

14.2231,20.0515,13.8878,19.8466
9.76599,14.0054,7.88757,11.505

14.2683,20.1056,13.9436,19.9308
9.70918,13.9137,7.94714,11.594

14.3614,20.2289,14.0674,20.1197
9.57034,13.7037,8.08612,11.8039

14.4821,20.3962,14.2338,20.3782
9.37103,13.4101,8.28101,12.1018

14.6159,20.5844,14.4245,20.6771
9.12895,13.0577,8.51508,12.4622

14.7487,20.7783,14.6234,20.9962
8.85484,12.6655,8.77492,12.8687

14.8705,20.9651,14.82,21.3197
8.55696,12.2464,9.05161,13.309

14.9737,21.1347,15.0074,21.6353
8.24154,11.809,9.33918,13.7743

15.0511,21.2812,15.1801,21.9348
7.91237,11.3599,9.63296,14.2587

15.1117,21.3843,15.3459,22.2003
7.58016,10.8966,9.93704,14.7502

15.1181,21.4722,15.4769,22.4519
7.2293,10.4384,10.2327,15.2636

15.0898,21.5177,15.5909,22.6668
6.87434,9.9757,10.5304,15.7835

15.0274,21.5142,15.6902,22.8402
6.51802,9.50841,10.8309,16.3066

14.9289,21.4679,15.7718,22.9731
6.16898,9.05299,11.1229,16.8191

14.8335,21.4078,15.8266,23.0515
5.90944,8.71513,11.3391,17.2004

14.7731,21.3676,15.8617,23.0956
5.75753,8.51716,11.4657,17.4236

14.7608,21.3692,15.8894,23.1143
5.71176,8.45961,11.5096,17.4831

14.7604,21.3688,15.8887,23.1145
5.71147,8.45927,11.5093,17.4839

14.7602,21.3685,15.8882,23.1146
5.71132,8.45899,11.5092,17.4845

14.7601,21.3682,15.8878,23.1147
5.71121,8.45878,11.5091,17.4849

14.7601,21.3679,15.8876,23.1147
5.71117,8.4586,11.5091,17.4851

14.7602,21.3676,15.8875,23.1147
5.71118,8.45843,11.5091,17.4853

14.76,21.3676,15.8873,23.1148
5.7111,8.4584,11.509,17.4855

14.7599,21.3676,15.8872,23.1149
5.71102,8.45839,11.5089,17.4856

14.7599,21.3676,15.8871,23.1149
5.711,8.45834,11.5089,17.4857

14.7599,21.3675,15.887,23.1149
5.71102,8.45834,11.5089,17.4858

14.793,21.4185,15.9232,23.1092
5.75722,8.52601,11.4887,17.3921

14.8692,21.5421,16.0102,23.0884
5.87302,8.69827,11.4357,17.157

14.9611,21.7054,16.1262,23.0425
6.03595,8.94617,11.3572,16.8247

15.0473,21.8846,16.2543,22.9637
6.22945,9.24991,11.2577,16.427

15.1125,22.0633,16.3817,22.8479
6.44137,9.59599,11.1397,15.987

15.1466,22.2309,16.4983,22.6937
6.66281,9.97519,11.0047,15.5213

15.1438,22.3805,16.5965,22.5024
6.88732,10.3812,10.8538,15.0417

15.1234,22.4879,16.6871,22.2618
7.12124,10.8003,10.697,14.5455

15.0172,22.6116,16.7148,22.0196
7.32758,11.2582,10.5057,14.0726

14.8923,22.6901,16.7259,21.7362
7.5368,11.7249,10.3084,13.5939

14.7281,22.7422,16.7008,21.4301
7.73599,12.2085,10.0957,13.1238

14.5263,22.768,16.6368,21.1056
7.92341,12.7086,9.86755,12.6645

14.2894,22.7671,16.5316,20.7666
8.09785,13.2247,9.62371,12.2177

14.0199,22.739,16.3837,20.4166
8.25838,13.7567,9.36422,11.7847

13.716,22.6821,16.1884,20.0531
8.40651,14.3132,9.08479,11.3595

13.3956,22.5988,15.955,19.6956
8.53537,14.868,8.79891,10.9617

13.0416,22.4831,15.6683,19.3237
8.65293,15.456,8.48886,10.5662

12.6749,22.3408,15.3426,18.9578
8.75378,16.0499,8.16916,10.1912

12.2955,22.1646,14.9751,18.5931
8.83806,16.6492,7.84145,9.83532

10.0052,23.7635,12.1018,20.7289
7.40245,18.7849,6.13737,10.8393

10.0773,23.0486,12.1843,19.8068
7.79172,19.0897,6.09254,10.1901

9.17211,23.2265,10.9072,20.2435
7.35433,20.2139,5.32455,10.2712

10.6666,21.1083,13.0719,17.1036
9.04879,19.2216,6.39278,8.50079

9.46569,21.48,11.2919,17.9696
8.31814,20.6388,5.37583,8.83119

9.12106,21.0353,10.7459,17.5552
8.35109,21.283,5.02357,8.50632

7.35783,22.0186,7.87999,19.7375
6.82776,23.3147,3.50026,9.5213

9.12077,20.0886,10.7172,16.359
8.81409,21.5755,5.01319,7.76127

9.33782,19.7577,11.0963,15.7991
9.11071,21.459,5.11225,7.48206

9.33398,19.7584,11.0952,15.7978
9.10742,21.4623,5.11219,7.48211

9.33122,19.7588,11.0944,15.7969
9.10509,21.4646,5.11214,7.48216

9.32922,19.759,11.0937,15.7962
9.10342,21.4663,5.1121,7.48221

9.32776,19.7591,11.0932,15.7956
9.10223,21.4674,5.11206,7.48226

9.32671,19.7592,11.0928,15.7952
9.10139,21.4683,5.11202,7.4823

9.32595,19.7592,11.0925,15.7949
9.10079,21.4689,5.112,7.48232

9.32541,19.7591,11.0923,15.7947
9.10037,21.4693,5.11199,7.48233

9.32502,19.7591,11.0921,15.7945
9.10007,21.4696,5.11198,7.48233

9.32472,19.7591,11.092,15.7944
9.09985,21.4698,5.11198,7.48234

9.42523,19.8133,11.1795,15.8636
9.14699,21.3641,5.14768,7.50518

7.59122,21.914,7.90509,19.7314
7.06801,23.2482,3.4597,9.38805

9.54668,20.8708,10.7274,17.6017
8.80681,21.2502,4.84691,8.26011

7.96703,23.2403,7.7044,21.699
6.9419,22.7753,3.28659,10.1602

8.19802,24.1524,7.5218,23.0613
6.83911,22.5057,3.14787,10.6713

11.5966,22.2375,12.1394,19.6626
9.49308,19.4698,5.30774,8.89338

4.92296,35.5331,-0.437172,39.536
2.78693,23.3764,-0.748527,17.7492

9.18878,27.5901,6.88498,28.2005
6.55201,21.5384,2.667,12.4066

9.4679,29.1166,6.43271,30.4758
6.35103,21.2976,2.39627,13.1191

16.9908,23.603,16.1085,22.5731
11.2526,15.9918,6.54623,9.37335

18.3973,24.2947,16.7511,24.0944
11.4454,15.3566,6.61999,9.74198

19.9378,25.0603,17.3928,25.8302
11.6163,14.7447,6.66303,10.14

21.4237,25.8192,17.971,27.5614
11.7482,14.231,6.67602,10.5087

22.4952,26.3806,18.3714,28.8372
11.8274,13.9023,6.67212,10.7622

23.0756,26.7086,18.5972,29.5384
11.864,13.7461,6.66647,10.8874

23.1487,26.7775,18.6447,29.6322
11.8642,13.7375,6.66703,10.8953

23.15,26.7764,18.6439,29.6331
11.8648,13.7367,6.66675,10.8957

23.1509,26.7755,18.6433,29.6338
11.8652,13.7362,6.66657,10.8961

23.1515,26.775,18.6429,29.6343
11.8655,13.7358,6.66643,10.8963

23.152,26.7745,18.6426,29.6347
11.8657,13.7355,6.66633,10.8965

23.1523,26.7742,18.6423,29.6349
11.8659,13.7353,6.66625,10.8966

23.1525,26.774,18.6422,29.6351
11.866,13.7352,6.6662,10.8967

23.1527,26.7738,18.6421,29.6353
11.8661,13.735,6.66617,10.8967

23.1529,26.7737,18.642,29.6354
11.8661,13.735,6.66614,10.8968

23.0844,26.7092,18.5989,29.569
11.8425,13.7156,6.6822,10.9237

22.7617,26.4049,18.3948,29.2537
11.7328,13.6265,6.75651,11.0482

22.2421,25.9157,18.0625,28.7422
11.5569,13.485,6.87449,11.2476

21.5877,25.3021,17.6393,28.0943
11.3338,13.3079,7.02218,11.5001

20.8463,24.6117,17.1547,27.3575
11.0767,13.107,7.18951,11.7908

20.0535,23.8796,16.6317,26.5677
10.7951,12.8906,7.36933,12.109

19.2228,23.1187,16.0796,25.7382
10.4915,12.6605,7.55996,12.452

18.3962,22.3699,15.5268,24.9129
10.1794,12.4288,7.75125,12.8046

17.5739,21.6327,14.9744,24.092
9.85811,12.1941,7.94396,13.1678

16.7638,20.9137,14.4286,23.2836
9.53043,11.9583,8.13648,13.5388

15.9845,20.2264,13.9028,22.5038
9.20427,11.7254,8.32537,13.909

15.2141,19.5506,13.383,21.7305
8.8709,11.4887,8.51597,14.2884

14.4676,18.897,12.8796,20.9774
8.53711,11.2521,8.70516,14.6697

13.7606,18.2503,12.4059,20.2327
8.2136,11.0068,8.90159,15.042

13.0638,17.6452,11.9362,19.5266
7.88234,10.7736,9.08455,15.4235

12.5231,17.1714,11.5718,18.9722
7.62021,10.5873,9.2297,15.7268

12.1887,16.8733,11.3458,18.623
7.45781,10.4705,9.32066,15.915

12.0429,16.7437,11.2512,18.4643
7.39074,10.4257,9.36116,15.9864

12.0383,16.7373,11.2444,18.4598
7.39045,10.4253,9.35905,15.9892

12.0395,16.7359,11.2432,18.4608
7.39113,10.4241,9.3582,15.9906

12.0397,16.7355,11.2418,18.4619
7.39114,10.4237,9.35712,15.992

12.04,16.7351,11.241,18.4627
7.39126,10.4233,9.35647,15.9929

12.0407,16.7343,11.2408,18.4628
7.3917,10.4227,9.35636,15.9932

12.0403,16.7347,11.24,18.4635
7.3914,10.4229,9.35568,15.9941

12.0404,16.7345,11.2397,18.4638
7.39145,10.4227,9.35545,15.9944

12.0405,16.7344,11.2395,18.464
7.39149,10.4226,9.3553,15.9946

12.0402,16.7347,11.239,18.4644
7.39125,10.4228,9.35491,15.9951

12.0673,16.775,11.292,18.4557
7.43345,10.4837,9.35235,15.8945

12.1472,16.8892,11.4411,18.4309
7.56086,10.6645,9.33613,15.6025

12.2523,17.0555,11.6529,18.3869
7.74487,10.9371,9.30255,15.1794

12.3388,17.276,11.8848,18.3341
7.9485,11.2937,9.23648,14.6854

12.4111,17.5159,12.1339,18.2526
8.16922,11.7071,9.14971,14.1379

12.4462,17.7756,12.3744,18.1502
8.38681,12.1755,9.03338,13.5683

12.4355,18.0484,12.5913,18.0295
8.59093,12.6936,8.88545,12.994

12.3753,18.3265,12.7732,17.8927
8.77503,13.2572,8.70544,12.4264

12.2643,18.6034,12.9106,17.743
8.9343,13.8633,8.49326,11.8731

12.104,18.8721,12.996,17.5832
9.06603,14.5093,8.24979,11.3389

11.8977,19.1253,13.0242,17.4151
9.16901,15.1925,7.97654,10.826

11.65,19.3557,12.9912,17.24
9.24307,15.9103,7.67551,10.3352

11.3662,19.5557,12.8947,17.0582
9.28908,16.6598,7.34914,9.86595

9.54901,21.161,10.719,18.9245
7.95422,18.7864,5.80997,10.6135

9.67825,20.8171,11.0484,18.1596
8.33801,19.2032,5.79681,9.82599

10.359,19.9,12.2165,16.4622
9.27567,19.0701,6.24585,8.57241

6.51387,23.1001,6.56618,21.6833
5.7827,23.3401,2.99876,11.0424

9.70703,19.8191,11.5737,15.9554
9.21759,20.6318,5.5242,7.79039

7.49094,21.5432,8.0312,19.1749
7.08257,23.2225,3.59013,9.26881

9.34085,19.7609,11.107,15.8034
9.10716,21.4385,5.12452,7.49385

9.33532,19.7519,11.0923,15.7955
9.11083,21.4586,5.11191,7.4827

9.33595,19.7531,11.0932,15.7963
9.11089,21.4585,5.11201,7.48259

9.33644,19.754,11.0939,15.7969
9.11093,21.4585,5.11209,7.4825

9.3368,19.7547,11.0944,15.7973
9.11097,21.4584,5.11214,7.48244

9.33707,19.7552,11.0948,15.7977
9.11099,21.4584,5.11219,7.48239

9.33728,19.7556,11.0951,15.7979
9.11101,21.4584,5.11222,7.48236

9.33743,19.7559,11.0953,15.7981
9.11102,21.4584,5.11224,7.48233

9.33755,19.7561,11.0954,15.7983
9.11102,21.4584,5.11226,7.48232

9.33765,19.7563,11.0956,15.7984
9.11103,21.4584,5.11227,7.4823

9.34136,19.7892,11.1322,15.8181
9.0912,21.4249,5.14126,7.50668

8.00994,21.13,9.06274,18.1825
7.6015,22.6625,4.14333,8.75665

9.60696,19.9232,11.8903,15.6346
9.1147,20.8256,5.65093,7.57282

6.11405,23.3338,6.70969,21.3942
5.44597,24.0317,3.00841,10.6779

8.64311,21.3404,10.925,17.506
7.77284,21.2145,5.34083,8.83581

9.48641,20.85,12.5087,16.3439
8.37998,20.0598,6.32769,8.39648

9.52969,21.0704,12.8774,16.4136
8.20058,19.6552,6.6824,8.62584

9.57589,21.262,13.2497,16.453
8.0229,19.2257,7.06052,8.85486

9.62472,21.4183,13.6192,16.4601
7.84935,18.7757,7.45869,9.08029

9.67575,21.5351,13.9805,16.4349
7.68122,18.3084,7.87423,9.30015

9.72854,21.6094,14.3294,16.3781
7.51911,17.8266,8.305,9.5133

9.78257,21.6398,14.662,16.2915
7.36313,17.3325,8.7492,9.71918

9.83691,21.6251,14.9751,16.177
7.21285,16.8282,9.20517,9.91781

9.89138,21.5648,15.2663,16.0366
7.06819,16.3149,9.67188,10.109

9.94478,21.4593,15.5328,15.8728
6.92826,15.7944,10.1479,10.2935

9.9963,21.3089,15.7727,15.6879
6.79242,15.268,10.632,10.4716

12.8892,18.3638,18.6247,12.733
8.67851,12.7077,13.1003,8.67751

19.4724,11.7742,24.3835,6.67629
13.0119,7.68955,17.992,4.47051

20.8012,10.2179,25.2197,5.68955
13.6008,6.43588,19.2586,3.86867

12.7959,17.7027,18.5626,12.5348
8.01803,11.3631,14.4065,9.37632

12.9478,17.2119,18.6449,12.2665
7.93573,10.7789,14.9825,9.4669

13.0602,16.7186,18.6659,12.0199
7.83373,10.2224,15.5347,9.57312

10.2105,19.1872,16.5763,14.0424
5.91937,11.6335,14.049,11.562

10.209,18.9773,16.5775,13.9084
5.85731,11.3837,14.2929,11.63

10.2089,18.9012,16.5771,13.8616
5.83477,11.2931,14.3809,11.6553

10.2087,18.8994,16.575,13.8616
5.83508,11.2928,14.3799,11.6562

10.2085,18.898,16.5734,13.8615
5.83531,11.2925,14.3793,11.6568

10.2084,18.8969,16.5722,13.8615
5.83548,11.2924,14.3788,11.6573

10.2082,18.8961,16.5713,13.8614
5.8356,11.2923,14.3785,11.6576

10.2081,18.8956,16.5707,13.8613
5.83569,11.2922,14.3782,11.6579

10.2081,18.8951,16.5702,13.8613
5.83576,11.2921,14.3781,11.6581

10.208,18.8948,16.5698,13.8612
5.8358,11.2921,14.3779,11.6582

10.2079,18.8945,16.5695,13.8611
5.83583,11.292,14.3779,11.6583

10.2079,18.8943,16.5693,13.8611
5.83586,11.292,14.3778,11.6584

10.2079,18.9291,16.5699,13.8822
5.84607,11.3333,14.338,11.6467

10.2073,19.0613,16.5706,13.9628
5.88494,11.4914,14.1859,11.6017

13.1237,16.3964,18.6583,11.8593
7.77982,9.8937,15.8637,9.62681

13.0996,16.655,18.6876,11.971
7.86406,10.1883,15.5701,9.5416

13.0405,16.9636,18.6874,12.1172
7.94195,10.5423,15.2182,9.46161

12.9546,17.2989,18.657,12.2871
8.0146,10.939,14.8254,9.38493

12.8421,17.6501,18.591,12.4783
8.07887,11.3706,14.4003,9.31422

10.1202,20.5205,16.3106,14.9698
6.38216,13.5823,12.2001,10.9995

20.6294,10.51,25.2485,5.6864
13.7099,6.74975,18.9111,3.79329

10.0526,20.9522,16.0597,15.3382
6.58708,14.4411,11.398,10.7379

10.0135,21.1324,15.9014,15.5125
6.69353,14.8774,10.9931,10.6

9.97178,21.2854,15.7218,15.677
6.80281,15.3152,10.5886,10.4574

9.92801,21.4095,15.5218,15.8299
6.91518,15.7529,10.1862,10.3096

9.88284,21.5035,15.3023,15.9694
7.03102,16.1891,9.7872,10.1567

9.83673,21.5667,15.0643,16.0939
7.15067,16.6228,9.39242,9.99813

7.67908,23.6114,12.4025,18.692
5.60173,18.7321,7.4318,11.3983

9.74386,21.598,14.5374,16.291
7.40336,17.4786,8.61898,9.66304

9.69792,21.5654,14.2509,16.3606
7.5373,17.8993,8.2416,9.48581

9.65276,21.5005,13.9506,16.4087
7.67693,18.3142,7.87116,9.30168

9.60865,21.4032,13.6379,16.4338
7.8227,18.7228,7.50811,9.11036

9.56581,21.2738,13.314,16.4345
7.97505,19.1246,7.15281,8.91157

9.52437,21.1126,12.98,16.4093
8.13436,19.519,6.80558,8.70508

9.4844,20.9201,12.6372,16.3568
8.30099,19.9056,6.46665,8.49074

8.38477,21.6654,10.6901,17.9147
7.45041,21.3029,5.2699,9.14081

8.53279,21.2372,10.5656,17.5642
7.78695,21.5184,5.08967,8.76894

9.52137,20.0356,11.8122,15.784
8.99425,20.8569,5.63296,7.6799

8.74419,20.4822,10.3053,16.9274
8.35675,21.8935,4.77038,8.14333

9.33787,19.7995,11.1432,15.8226
9.08058,21.415,5.15212,7.51631

9.33226,19.7528,11.0916,15.7947
9.1081,21.4614,5.11184,7.48265

9.33151,19.754,11.0919,15.7949
9.10706,21.4625,5.11189,7.48258

9.33098,19.7549,11.0922,15.7951
9.10633,21.4632,5.11193,7.48253

9.3306,19.7555,11.0924,15.7952
9.1058,21.4637,5.11196,7.4825

9.33034,19.756,11.0925,15.7953
9.10542,21.4641,5.11199,7.48248

9.33017,19.7563,11.0926,15.7954
9.10515,21.4644,5.112,7.48246

9.33004,19.7566,11.0927,15.7954
9.10495,21.4646,5.11202,7.48244

9.32995,19.7568,11.0928,15.7955
9.10481,21.4647,5.11203,7.48243

9.32989,19.7569,11.0929,15.7955
9.10471,21.4648,5.11204,7.48242

9.32983,19.757,11.0929,15.7955
9.10462,21.4649,5.11204,7.48241

9.37588,19.7696,11.1452,15.8258
9.1192,21.3645,5.15692,7.52338

8.04214,21.1543,8.8885,18.4313
7.61055,22.5472,4.08034,8.92596

9.74343,19.8751,11.5762,16.0772
9.20123,20.5389,5.5435,7.88034

9.25835,20.6125,10.694,17.4528
8.49493,20.6808,5.20168,8.78658

10.3154,19.927,12.1609,16.4419
9.29052,19.2534,6.1484,8.4717

10.6343,19.8929,12.4347,16.6352
9.32107,18.5304,6.48558,8.82692

10.9569,19.8112,12.6707,16.8287
9.33491,17.7848,6.82907,9.21523

11.2717,19.6819,12.8569,17.0199
9.32752,17.0324,7.16943,9.63466

11.5683,19.5081,12.9854,17.2076
9.29518,16.2849,7.49935,10.0846

11.8371,19.2951,13.0516,17.3909
9.23464,15.5513,7.81276,10.5653

12.0696,19.0488,13.0533,17.5687
9.14337,14.8381,8.10482,11.0777

12.2579,18.7759,12.9905,17.7398
9.01936,14.1503,8.37163,11.6227

12.3952,18.483,12.8646,17.9019
8.86131,13.4911,8.61015,12.2014

12.4757,18.1762,12.6789,18.0521
8.66854,12.8627,8.81818,12.8145

12.4949,17.8602,12.4379,18.1865
8.44127,12.266,8.99445,13.4623

12.4485,17.5404,12.1461,18.3013
8.17966,11.7015,9.13783,14.145

12.3356,17.2205,11.812,18.3904
7.88695,11.1706,9.24823,14.8583

12.204,16.952,11.5213,18.4331
7.63381,10.7562,9.32064,15.4534

12.0894,16.7986,11.3233,18.4557
7.462,10.519,9.3477,15.8353

12.0364,16.74,11.2465,18.4582
7.3898,10.4279,9.3602,15.9861

12.034,16.7395,11.2448,18.4572
7.38853,10.4279,9.36001,15.9876

12.0343,16.7375,11.2448,18.4554
7.38914,10.4273,9.36067,15.9869

12.0347,16.7359,11.2451,18.4539
7.38976,10.4267,9.36131,15.9863

12.036,16.7336,11.246,18.452
7.39088,10.4256,9.36242,15.9851

12.0374,16.7315,11.2471,18.4502
7.39204,10.4246,9.36354,15.9838

12.0364,16.7319,11.2463,18.4505
7.39151,10.4251,9.36304,15.9844

12.035,16.7329,11.2452,18.451
7.39071,10.4258,9.36228,15.9852

12.0334,16.7341,11.2439,18.4519
7.38975,10.4267,9.36134,15.9862

12.0319,16.7353,11.2428,18.4527
7.38883,10.4276,9.36041,15.9872

12.0936,16.761,11.2368,18.5337
7.42428,10.4365,9.31298,15.9903

12.3573,16.8625,11.2186,18.8668
7.57361,10.4672,9.12527,15.998

12.7968,17.014,11.2006,19.3972
7.81756,10.5027,8.84403,15.9997

13.3912,17.1933,11.1919,20.0809
8.1391,10.5286,8.50901,15.9873

14.1237,17.3877,11.2071,20.8818
8.51992,10.5326,8.15679,15.9547

14.784,17.5587,11.2552,21.5771
8.84083,10.5152,7.89355,15.9144

15.2239,17.6749,11.2991,22.0352
9.04367,10.4974,7.73742,15.8855

15.4203,17.7422,11.3485,22.232
9.12084,10.4852,7.69138,15.8665

15.4314,17.7512,11.3551,22.2454
9.12226,10.4846,7.69106,15.8661

15.4259,17.7567,11.3502,22.25
9.11901,10.4883,7.68745,15.8693

15.4302,17.7527,11.3538,22.2468
9.12179,10.4858,7.68982,15.8665

15.4323,17.7506,11.3556,22.2451
9.12325,10.4846,7.69103,15.8651

15.4322,17.7508,11.3554,22.2453
9.1232,10.4849,7.69082,15.8651

15.4304,17.7527,11.3538,22.2469
9.12212,10.4861,7.68964,15.8662

15.4268,17.7562,11.3506,22.2498
9.11991,10.4884,7.6874,15.8683

15.4321,17.751,11.3553,22.2455
9.12328,10.4851,7.69063,15.865

15.4322,17.751,11.3553,22.2455
9.12332,10.4851,7.69061,15.865

15.4272,17.7559,11.3509,22.2495
9.12022,10.4882,7.68755,15.868

15.4306,17.7526,11.3539,22.2468
9.12233,10.4861,7.68958,15.866

15.4321,17.751,11.3552,22.2455
9.12333,10.4851,7.69055,15.865

15.4318,17.7514,11.3549,22.2458
9.12314,10.4853,7.69034,15.8652

15.43,17.7532,11.3534,22.2473
9.12201,10.4865,7.68922,15.8663

15.4268,17.7564,11.3505,22.2499
9.11997,10.4885,7.68725,15.8683

15.4322,17.751,11.3553,22.2455
9.12339,10.4851,7.69059,15.8649

15.4322,17.751,11.3553,22.2455
9.12339,10.4851,7.69059,15.8649

15.4279,17.7553,11.3515,22.249
9.12069,10.4878,7.68794,15.8676

15.4305,17.7527,11.3538,22.2469
9.12233,10.4862,7.68955,15.866

15.4316,17.7515,11.3548,22.246
9.12303,10.4855,7.69023,15.8653

15.4312,17.752,11.3544,22.2463
9.12274,10.4857,7.68995,15.8656

15.4295,17.7538,11.3529,22.2478
9.12165,10.4868,7.68887,15.8666

15.4267,17.7564,11.3505,22.2499
9.11994,10.4886,7.68722,15.8683

15.4322,17.751,11.3553,22.2455
9.12339,10.4851,7.69059,15.8649

15.4261,17.7569,11.35,22.2504
9.11958,10.4889,7.68688,15.8686

15.4285,17.7547,11.3521,22.2485
9.12106,10.4874,7.68829,15.8672

15.4305,17.7527,11.3538,22.2469
9.12229,10.4862,7.68951,15.866

15.4312,17.752,11.3544,22.2464
9.12273,10.4858,7.68994,15.8656

15.4306,17.7526,11.3538,22.2469
9.12235,10.4861,7.68956,15.866

15.4289,17.7543,11.3524,22.2482
9.12132,10.4872,7.68855,15.867

15.427,17.7562,11.3507,22.2498
9.12008,10.4884,7.68736,15.8682

15.426,17.7571,11.3498,22.2505
9.11949,10.489,7.6868,15.8687

15.4271,17.7561,11.3508,22.2497
9.12014,10.4883,7.68742,15.8681

15.4289,17.7543,11.3524,22.2482
9.12133,10.4872,7.68856,15.867

15.4304,17.7528,11.3537,22.247
9.12223,10.4863,7.68945,15.8661

15.4308,17.7525,11.354,22.2467
9.12246,10.486,7.68967,15.8658

15.336,17.7,11.3357,22.1093
9.12218,10.5213,7.70449,15.816

15.0289,17.5243,11.2726,21.6624
9.12143,10.6356,7.75223,15.6547

14.5782,17.2578,11.1725,21.0056
9.11988,10.8064,7.82103,15.4166

14.04,16.9302,11.0421,20.2228
9.11658,11.0176,7.90046,15.1294

13.457,16.564,10.888,19.3762
9.11143,11.257,7.98321,14.8123

12.846,16.1891,10.7042,18.5207
9.09469,11.5254,8.05445,14.4895

12.2422,15.8015,10.5091,17.6717
9.0775,11.8054,8.1214,14.1597

11.6513,15.4165,10.2996,16.8539
9.0544,12.0976,8.17611,13.8358

11.0794,15.0405,10.0769,16.0798
9.02407,12.3996,8.21563,13.5247

10.556,14.6882,9.84999,15.3878
8.9882,12.6896,8.23729,13.2489

10.1931,14.4384,9.67774,14.9188
8.95804,12.8976,8.24277,13.0656

9.98789,14.2905,9.57092,14.6575
8.93902,13.0135,8.2416,12.9699

9.9303,14.2351,9.52879,14.5839
8.93507,13.0351,8.23816,12.9557

9.929,14.2365,9.53004,14.5826
8.93418,13.037,8.23897,12.9538

