12.6863,11.4574,12.107,11.999
11.5966,10.3864,10.6185,10.5625

12.6821,11.4626,12.1071,12.0006
11.5898,10.389,10.6201,10.5652

12.6759,11.4681,12.1049,12.0006
11.5881,10.3982,10.6154,10.5624

12.6751,11.4688,12.1047,12.0009
11.587,10.3986,10.6155,10.563

12.68,11.4644,12.1076,11.9999
11.5879,10.3909,10.6206,10.5646

12.6802,11.4637,12.1052,12.0005
11.5917,10.3933,10.6161,10.5629

12.6816,11.4626,12.1046,12.0013
11.5935,10.3926,10.6149,10.5631

12.6887,11.4551,12.1069,11.9998
11.5974,10.3826,10.6196,10.5644

12.6883,11.4556,12.1058,12.0004
11.5987,10.3846,10.6172,10.5636

12.6849,11.4595,12.1054,12.0005
11.5971,10.3899,10.6151,10.5619

12.6857,11.4582,12.1073,11.9993
11.5948,10.386,10.6197,10.5635

12.6824,11.4612,12.1071,11.999
11.5923,10.3896,10.6193,10.5629

12.6756,11.4687,12.1045,12.0012
11.588,10.3989,10.6145,10.5625

12.6789,11.4649,12.1066,11.9995
11.5891,10.3934,10.6186,10.563

12.6793,11.465,12.1064,12.0006
11.5879,10.3921,10.6191,10.5649

12.6805,11.4637,12.1047,12.0011
11.5925,10.3938,10.615,10.5627

12.6856,11.4581,12.1063,11.9997
11.5961,10.3871,10.6178,10.563

12.6887,11.4551,12.1066,12
11.5976,10.3827,10.6192,10.5645

12.6874,11.4568,12.1048,12.0012
11.5989,10.3867,10.6152,10.5632

12.6824,11.4615,12.1048,12.0009
11.5938,10.3911,10.6157,10.5633

12.6813,11.4631,12.1074,12
11.5895,10.3898,10.6202,10.5645

12.6768,11.4665,12.1045,12.0008
11.5883,10.3959,10.6161,10.5637

12.6753,11.4685,12.1047,12.0007
11.5873,10.3984,10.6156,10.5628

12.6814,11.4622,12.1067,11.9996
11.5908,10.3901,10.6193,10.5638

12.722,11.5378,12.1434,12.0851
11.555,10.3951,10.6118,10.6021

12.6949,11.8595,12.0761,12.4708
11.3193,10.5051,10.4658,10.8737

12.8184,12.1446,12.1096,12.8846
11.1412,10.4918,10.3884,11.1426

12.9867,12.5292,12.0847,13.5011
10.9443,10.4996,10.1975,11.5226

13.1839,12.9613,11.9998,14.2563
10.7383,10.5007,9.9356,11.9893

13.3894,13.4759,11.8137,15.2099
10.4883,10.503,9.57751,12.5952

13.6513,14.0708,11.5949,16.3282
10.242,10.5064,9.15814,13.2575

13.9444,14.6949,11.408,17.4698
10.0144,10.5066,8.76364,13.8793

14.2463,15.4042,11.2766,18.658
9.75376,10.5083,8.41725,14.4847

14.6312,16.1858,11.2829,19.8677
9.51547,10.4984,8.15202,14.9981

14.9892,16.9102,11.3559,20.9242
9.31387,10.4898,7.96827,15.392

15.2334,17.4422,11.3716,21.7152
9.16973,10.4895,7.81583,15.689

15.4184,17.7132,11.3738,22.176
9.13142,10.4816,7.7146,15.8364

15.4404,17.7606,11.3248,22.2901
9.12453,10.4865,7.66259,15.8904

15.452,17.7455,11.3879,22.2274
9.13423,10.4808,7.70812,15.8409

15.4502,17.737,11.5283,22.0895
9.13228,10.4767,7.81381,15.7412

15.4605,17.7194,11.6605,21.9602
9.13995,10.4691,7.91124,15.6437

15.4647,17.7126,11.6908,21.9293
9.14358,10.4665,7.93357,15.6204

15.4545,17.7248,11.6178,21.9996
9.13581,10.4715,7.88093,15.6758

15.455,17.7342,11.5012,22.1155
9.13659,10.4761,7.79267,15.7587

15.4441,17.7474,11.407,22.2054
9.12838,10.4813,7.72477,15.8296

15.447,17.7452,11.4109,22.2022
9.13057,10.4804,7.72705,15.826

15.3988,17.7386,11.4597,22.1116
9.10142,10.4787,7.78384,15.8001

15.1121,17.792,11.5426,21.8515
8.91043,10.5024,7.94657,15.8046

14.7095,17.8342,11.9102,21.2255
8.64361,10.5196,8.38131,15.6194

14.2674,17.8104,12.7853,20.0258
8.36457,10.5181,9.26348,15.0179

13.7394,17.7564,14.0919,18.3047
8.02608,10.4975,10.6037,14.0368

17.6594,13.2706,18.6665,13.2305
10.438,7.72788,14.7534,10.2446

17.7061,12.6562,20.108,11.1934
10.4469,7.35016,16.5401,8.82679

17.7572,12.0492,21.189,9.49293
10.4599,6.97336,18.1136,7.61716

17.7538,11.7337,21.8064,8.48436
10.4584,6.78507,19.06,6.86049

17.718,11.6083,21.984,8.1155
10.4499,6.71857,19.4058,6.58971

17.6879,11.5801,21.7207,8.36166
10.4405,6.70476,19.1943,6.8244

17.5783,11.6683,21.14,8.99674
10.398,6.77145,18.6085,7.38599

17.524,11.6818,20.5405,9.63802
10.3698,6.7776,18.0455,7.97109

17.5168,11.6723,20.3203,9.87254
10.3629,6.76784,17.8445,8.18874

17.5129,11.6974,20.5339,9.64742
10.3667,6.78984,18.0313,7.97619

17.5852,11.6491,21.0993,9.03353
10.3998,6.75731,18.5826,7.4243

17.655,11.613,21.6044,8.49191
10.4281,6.72954,19.0695,6.9369

17.663,11.6301,21.7792,8.31288
10.4328,6.74177,19.2194,6.76996

17.6417,11.6216,21.517,8.58676
10.4233,6.73647,18.9829,7.02132

17.5745,11.6598,21.0081,9.13627
10.3959,6.76499,18.4885,7.51462

17.493,11.8876,20.5695,9.74658
10.3879,6.93172,17.8636,7.98076

17.3331,12.3846,20.3653,10.2313
10.3825,7.30868,17.2494,8.22342

17.2126,12.9182,20.4728,10.4315
10.4072,7.7228,16.8621,8.17195

17.095,13.5241,20.6922,10.568
10.4464,8.20307,16.4924,8.02212

16.9203,14.2037,20.6972,10.9402
10.4692,8.75653,15.9019,8.03641

16.722,14.8756,20.3046,11.7029
10.4843,9.32051,15.0192,8.33996

16.4622,15.6257,19.422,12.9711
10.4803,9.96517,13.7617,8.95687

16.1605,16.3808,18.275,14.4468
10.457,10.6383,12.4011,9.66762

15.9189,17.0751,17.1819,15.8451
10.4548,11.2701,11.1746,10.2645

15.9279,17.5174,16.5636,16.7263
10.6474,11.772,10.3124,10.4323

15.8186,18.0187,16.1541,17.3498
10.7364,12.3129,9.67197,10.4428

15.6647,18.4379,15.8183,17.8219
10.7431,12.7518,9.21023,10.4588

15.7011,18.5585,15.6577,18.0675
10.8266,12.9044,8.97715,10.4558

15.8762,18.4318,15.6202,18.1306
10.9699,12.8248,8.91654,10.4527

18.3042,16.0143,18.2712,15.4943
12.7215,11.0468,10.5242,8.87145

18.3676,15.9441,18.3206,15.4333
12.7803,11.0061,10.5476,8.82993

15.9965,18.3065,15.6524,18.0961
11.0539,12.726,8.94274,10.4414

15.804,18.4963,15.6566,18.0969
10.9049,12.8603,8.95205,10.4467

15.6266,18.6693,15.6078,18.1393
10.783,12.9997,8.91726,10.464

15.6519,18.646,15.6434,18.1112
10.792,12.9713,8.9456,10.4551

15.7774,18.5217,15.6313,18.1175
10.8918,12.8865,8.93208,10.4536

15.9661,18.3347,15.6519,18.0959
11.0305,12.7461,8.94434,10.443

18.2889,16.0191,18.275,15.4784
12.7169,11.0565,10.5278,8.86277

18.1527,15.9465,18.1795,15.3783
12.6782,11.0581,10.5545,8.87328

15.6567,17.9446,15.584,17.5395
10.9376,12.6186,9.18529,10.4225

14.8691,18.0089,15.4421,17.0372
10.4926,12.8477,9.39484,10.4288

13.7204,18.3427,15.2459,16.5145
9.78108,13.3181,9.61446,10.4504

12.3919,18.755,15.0527,15.9145
8.919,13.8778,9.90116,10.4661

10.9754,19.1863,14.7859,15.3255
7.9893,14.5182,10.1641,10.4923

9.88749,19.5326,14.5929,14.8831
7.2485,15.0323,10.3778,10.5053

9.2205,19.7397,14.467,14.6148
6.78893,15.3616,10.5042,10.5092

9.05261,19.7022,14.3824,14.5062
6.69708,15.4289,10.5275,10.5105

9.40516,19.3486,14.3709,14.4883
6.98732,15.1463,10.5214,10.509

10.0309,18.7347,14.3823,14.4447
7.49743,14.6428,10.5312,10.4925

10.5984,18.1818,14.3397,14.4684
7.95802,14.1811,10.4985,10.5264

10.7455,18.0401,14.2193,14.5845
8.08076,14.0643,10.4013,10.6176

10.6446,18.1372,14.2952,14.5107
7.9978,14.1463,10.4616,10.5584

10.2252,18.545,14.3847,14.4356
7.65385,14.4827,10.5351,10.4924

9.64042,19.1181,14.3752,14.4713
7.17908,14.9577,10.5249,10.5023

9.25302,19.4991,14.3682,14.5008
6.86329,15.2692,10.5181,10.5134

9.2619,19.4901,14.3723,14.4967
6.86943,15.2595,10.5229,10.5122

9.64039,19.145,14.4012,14.4824
7.15855,14.9365,10.552,10.5169

14.0083,14.9447,18.0979,10.7525
10.5005,11.3517,13.5481,7.76367

14.2376,14.7262,17.576,11.4058
10.4985,10.9587,13.3158,8.39106

14.4637,14.5305,17.0574,12.0741
10.4778,10.5832,13.064,9.03908

14.79,14.2165,16.6174,12.6703
10.4718,10.0756,12.926,9.69065

15.1646,13.8214,16.2791,13.1404
10.4768,9.51464,12.8909,10.2817

15.5179,13.4513,15.9215,13.628
10.4675,9.00253,12.8057,10.8883

12.9218,15.9791,13.1831,16.4512
8.38715,10.474,10.714,13.5889

12.3883,16.4296,12.1267,17.5389
7.8089,10.4888,9.99552,14.8708

12.0902,16.7008,11.1812,18.4888
7.48852,10.4902,9.2547,15.9305

11.9422,16.8601,10.4948,19.1693
7.33814,10.5109,8.67317,16.6418

11.9017,16.9018,10.2053,19.4464
7.29443,10.5095,8.42605,16.934

11.91,16.9062,10.4076,19.263
7.31504,10.537,8.59083,16.7211

11.98,16.7976,11.0298,18.6557
7.36071,10.4755,9.16135,16.1664

11.9835,16.7598,11.669,18.0365
7.35302,10.4478,9.75653,15.6066

12.065,16.6905,12.1222,17.6123
7.41381,10.4197,10.1512,15.1793

12.0419,16.7065,12.0543,17.6734
7.39532,10.4246,10.0966,15.2475

11.9873,16.7615,11.5758,18.127
7.35785,10.4506,9.66848,15.687

11.9775,16.8115,10.9313,18.7545
7.3624,10.4877,9.06601,16.2479

11.9261,16.876,10.4402,19.2237
7.32084,10.511,8.62882,16.7034

11.9199,16.8867,10.3526,19.3111
7.31137,10.509,8.55215,16.7915

12.1462,16.9656,10.877,19.1134
7.40801,10.4943,8.8971,16.3646

12.5553,17.1353,11.8162,18.7886
7.56264,10.4623,9.48887,15.6502

13.1254,17.447,12.883,18.625
7.75255,10.4373,10.0417,14.9324

13.8055,17.8514,13.697,18.8851
7.96987,10.4228,10.2678,14.5035

14.7537,18.5824,14.2002,20.0159
8.21927,10.4475,10.013,14.4843

15.6663,19.3444,14.44,21.3938
8.43097,10.4858,9.59848,14.6488

16.6822,20.1777,15.0226,22.6187
8.64232,10.5129,9.40632,14.6024

17.8936,21.0643,16.3617,23.3675
8.88511,10.5074,9.63825,14.1332

19.4108,22.0037,18.6802,23.5126
9.19134,10.4568,10.3109,13.2049

20.7258,22.796,20.7293,23.5699
9.42811,10.3998,10.8589,12.4771

21.5408,23.4327,21.58,24.1605
9.53625,10.3987,10.9039,12.3251

21.7953,23.8843,21.0459,25.3803
9.52371,10.4579,10.4258,12.7565

21.6603,24.0528,20.1898,26.2502
9.45401,10.52,9.97127,13.2187

21.6884,24.0202,20.3047,26.1326
9.46956,10.5087,10.0312,13.1546

21.7932,23.8759,21.1871,25.2359
9.51936,10.4516,10.5066,12.6865

21.9023,23.7774,21.7945,24.6485
9.56652,10.408,10.8228,12.3666

21.8279,23.8271,21.4212,24.9923
9.5374,10.4334,10.6334,12.5598

21.7338,23.9542,20.5954,25.8284
9.49503,10.4859,10.1874,12.9957

21.6584,24.0481,20.2262,26.208
9.45488,10.5201,9.99156,13.1975

21.7576,23.9312,20.8063,25.6244
9.50431,10.4752,10.2985,12.886

21.8397,23.8193,21.5354,24.8849
9.54062,10.4284,10.6933,12.5016

21.6467,23.6051,21.4659,24.5549
9.52446,10.4102,10.7715,12.4579

20.9488,23.3136,20.2491,24.7904
9.36969,10.4566,10.4032,12.9345

20.1554,22.8509,18.9083,24.8738
9.21932,10.4854,10.0145,13.4448

19.242,22.3057,17.8757,24.4668
9.02748,10.5076,9.84237,13.7865

18.3712,21.5498,17.31,23.4396
8.88386,10.4723,9.98268,13.8251

17.491,20.8425,16.8204,22.3796
8.71552,10.449,10.1732,13.8263

16.5754,20.1365,16.0458,21.5568
8.52975,10.4375,10.1951,14.0016

15.7105,19.519,14.9851,21.1388
8.33867,10.4452,9.96075,14.4194

14.8337,18.9765,13.8041,20.8968
8.10947,10.4719,9.59347,14.9892

14.0221,18.3961,12.766,20.5338
7.90707,10.4825,9.28253,15.4919

13.2848,17.8626,12.0452,19.9896
7.70741,10.4869,9.15609,15.8136

12.6434,17.369,11.6116,19.3082
7.52684,10.4802,9.20998,15.9469

12.2387,17.0088,11.4661,18.7091
7.42131,10.4657,9.37354,15.9035

12.0429,16.8102,11.4453,18.347
7.37682,10.4549,9.50772,15.8245

11.9922,16.7702,11.4342,18.2701
7.36236,10.4556,9.53378,15.8123

12.0129,16.7633,11.3481,18.3585
7.38093,10.4563,9.44632,15.8805

11.9855,16.7907,11.1798,18.5179
7.35993,10.4673,9.2983,16.0384

11.9715,16.8106,11.0224,18.67
7.34965,10.4762,9.15587,16.1823

11.9813,16.8079,10.976,18.7165
7.35965,10.4786,9.10876,16.217

11.9717,16.8108,11.0274,18.6659
7.34951,10.476,9.16029,16.1782

11.9873,16.7899,11.1746,18.5236
7.36105,10.4667,9.29313,16.0431

12.0054,16.7713,11.3094,18.3963
7.37436,10.4586,9.41256,15.9184

11.9937,16.7744,11.3679,18.3367
7.3636,10.4575,9.47133,15.8716

12.0122,16.7685,11.344,18.3623
7.38645,10.4679,9.43667,15.873

12.2248,16.6474,11.3792,18.3538
7.60279,10.4913,9.37129,15.6986

12.6645,16.3597,11.6265,18.1508
8.04478,10.4944,9.41099,15.2138

13.1066,16.0507,12.1031,17.7
8.52356,10.5103,9.62887,14.5013

13.5968,15.6661,12.8882,16.9066
9.08018,10.5066,10.0777,13.4995

14.1694,15.1903,14.0258,15.7179
9.76896,10.4922,10.7446,12.1582

14.7878,14.6145,15.3277,14.3048
10.5054,10.3772,11.5378,10.7436

14.4185,14.9959,15.6865,13.7918
10.5352,11.002,11.5476,10.0792

12.9459,16.4391,14.7473,14.6004
9.6317,12.4281,10.6175,10.4867

12.5704,16.7654,14.5572,14.7073
9.42483,12.8149,10.4178,10.5065

12.6039,16.7237,14.5012,14.7365
9.48543,12.8259,10.3491,10.5036

12.9542,16.3739,14.5181,14.71
9.771,12.5428,10.3601,10.4901

13.4149,15.9196,14.5722,14.6602
10.1284,12.1533,10.4101,10.4722

13.7006,15.6356,14.5613,14.6584
10.3784,11.943,10.3834,10.4592

13.7697,15.5651,14.5714,14.6484
10.4305,11.881,10.3951,10.4574

13.5737,15.7595,14.5735,14.6527
10.2617,12.0284,10.4073,10.4666

13.1435,16.1868,14.5252,14.6992
9.92688,12.3931,10.3615,10.4825

12.7998,16.5242,14.5214,14.7106
9.63983,12.6576,10.3712,10.4954

12.6322,16.69,14.5221,14.7157
9.49905,12.7861,10.3776,10.5012

12.6921,16.6296,14.5018,14.7274
9.55939,12.7523,10.3515,10.5009

13.0927,16.3734,14.6281,14.748
9.81193,12.4525,10.4114,10.4882

13.7728,16.141,14.9644,14.8777
10.1414,12.0076,10.5413,10.4737

14.5668,16.0465,15.4689,15.1076
10.4278,11.5577,10.7183,10.4601

15.1878,16.3008,15.9582,15.5461
10.4827,11.299,10.8332,10.5491

15.8431,16.7114,16.6425,15.9883
10.4776,11.0876,11.0213,10.5775

16.6876,17.1792,17.5827,16.4332
10.4964,10.8269,11.3023,10.5383

17.6317,17.6947,18.4903,17.0674
10.5173,10.5595,11.5005,10.5867

18.6369,18.3661,19.2237,18.1037
10.4987,10.3354,11.5054,10.8245

19.1608,19.8421,19.2114,20.2267
10.105,10.4683,10.9717,11.619

19.9734,21.2695,19.4336,22.3512
9.84364,10.492,10.5521,12.2763

20.7684,22.5995,19.8568,24.1517
9.63452,10.5003,10.305,12.7242

21.3969,23.4677,20.4617,25.1114
9.5412,10.4846,10.2994,12.8388

21.7395,23.8664,21.027,25.3278
9.51028,10.4632,10.4368,12.7537

21.8367,23.8545,21.2964,25.1457
9.54054,10.4438,10.5539,12.6258

21.8039,23.8619,21.1793,25.2369
9.529,10.4501,10.5004,12.6845

21.7765,23.919,20.9261,25.5118
9.51392,10.4716,10.3578,12.8207

21.7421,23.9455,20.7966,25.6329
9.49722,10.4817,10.294,12.8911

21.7733,23.9134,20.9562,25.474
9.51377,10.4707,10.3761,12.8035

21.7977,23.8574,21.1606,25.2442
9.52866,10.4508,10.493,12.6916

21.8108,23.8585,21.1912,25.2277
9.53255,10.4492,10.5048,12.6775

21.7572,23.9241,20.9619,25.4646
9.50572,10.475,10.3818,12.8015

21.7657,23.9157,20.8538,25.5687
9.51165,10.4725,10.3236,12.8563

21.7621,23.8178,20.9085,25.3891
9.56015,10.4832,10.3561,12.7645

21.9482,23.4336,21.2836,24.7359
9.79277,10.465,10.5248,12.3814

22.0721,22.9303,21.6558,23.8737
10.0763,10.4675,10.7087,11.9115

22.2712,22.3208,22.0907,22.8887
10.4481,10.4568,10.9023,11.3567

22.3756,21.7167,22.4003,21.9354
10.8107,10.4654,11.0468,10.8411

20.9972,22.5097,21.3584,22.2256
10.4684,11.2505,10.4848,10.9603

20.9046,22.012,21.6003,21.2394
10.771,11.3674,10.5944,10.4312

19.614,22.6193,20.6748,21.3211
10.462,12.1551,10.0995,10.4473

18.5247,23.028,19.8333,21.3409
10.2157,12.8519,9.65643,10.44

17.4624,23.379,18.9303,21.3928
9.96922,13.5717,9.17865,10.4444

16.5054,23.5795,18.0302,21.4004
9.76851,14.2543,8.70875,10.4325

15.614,23.6895,17.1357,21.3852
9.58236,14.9174,8.24824,10.416

14.6871,23.8312,16.2097,21.4084
9.34101,15.6364,7.77035,10.4163

13.7819,23.9317,15.2811,21.4192
9.08851,16.3797,7.28917,10.4066

12.8733,24.0176,14.3183,21.4565
8.80057,17.1586,6.79271,10.4122

12.0636,23.9948,13.3636,21.4772
8.5527,17.9002,6.30101,10.4101

11.3154,23.9266,12.3997,21.5294
8.31116,18.6244,5.80487,10.4235

10.4651,23.9039,11.1767,21.7929
7.96954,19.4614,5.18182,10.5512

10.0584,23.5021,10.6168,21.4396
7.94436,19.9635,4.89179,10.3644

9.42156,23.2991,9.68684,21.4469
7.70716,20.6837,4.41469,10.3584

8.79384,23.0544,8.73832,21.4442
7.45544,21.4299,3.92891,10.3498

8.20452,22.7964,7.8202,21.4456
7.19596,22.1666,3.45816,10.3433

7.67301,22.4853,6.91543,21.4364
6.96076,22.8799,2.99306,10.3303

7.23821,22.1957,6.12504,21.4393
6.75832,23.5036,2.58437,10.3178

7.0326,21.9894,5.75585,21.3625
6.67529,23.8131,2.39538,10.2803

6.95723,21.8967,5.62844,21.3093
6.64809,23.927,2.33112,10.2577

6.97252,21.8858,5.63011,21.3079
6.66409,23.9117,2.33178,10.2565

7.02932,21.856,5.66916,21.2887
6.71763,23.8407,2.35314,10.2525

7.04317,21.8288,5.63494,21.2985
6.73967,23.8369,2.33442,10.253

7.04748,21.8228,5.63243,21.2979
6.74507,23.8318,2.33339,10.2537

7.04147,21.8419,5.66463,21.2873
6.73212,23.8282,2.35104,10.2527

6.99502,21.8691,5.63488,21.304
6.68744,23.8864,2.33448,10.2556

6.98691,21.8774,5.63896,21.3033
6.67787,23.893,2.33684,10.2563

7.00463,21.8746,5.66466,21.2928
6.69186,23.8679,2.35065,10.2536

7.01782,21.8502,5.63323,21.303
6.7122,23.8632,2.33354,10.255

7.04424,21.8521,5.669,21.3012
6.72951,23.8112,2.35555,10.2677

7.13737,21.8756,5.96334,21.1823
6.76952,23.5553,2.53417,10.305

7.35762,21.8518,6.54084,20.892
6.89705,23.0568,2.88545,10.3247

7.58758,21.7969,7.11923,20.5834
7.02804,22.5354,3.25238,10.3482

7.92626,21.662,7.83559,20.1777
7.23586,21.844,3.72216,10.362

8.33152,21.4447,8.59579,19.7154
7.49015,21.0683,4.2432,10.3623

8.71782,21.1969,9.26268,19.2954
7.72253,20.3266,4.7332,10.3817

9.0255,21.0068,9.77758,19.0318
7.85132,19.6184,5.17391,10.5203

9.48664,20.6282,10.5186,18.4954
8.11558,18.7816,5.76789,10.4989

9.94866,20.2009,11.2295,17.9377
8.37758,17.9657,6.36922,10.4515

10.4336,19.7156,11.9014,17.3982
8.63176,17.0965,6.99659,10.4391

10.8749,19.2286,12.469,16.9129
8.84798,16.2938,7.58035,10.4419

11.3306,18.6869,12.966,16.4539
9.07442,15.492,8.14429,10.4533

11.8634,18.0237,13.4728,15.9512
9.34197,14.5964,8.76727,10.4583

12.3766,17.3521,13.8942,15.4979
9.59646,13.7557,9.34326,10.4686

12.8982,16.6489,14.2726,15.0604
9.856,12.9342,9.9037,10.4701

13.2531,16.1675,14.4822,14.799
10.0414,12.4077,10.2424,10.4724

13.404,15.9446,14.5443,14.6918
10.1342,12.1906,10.3662,10.4731

13.4356,15.9026,14.5624,14.669
10.1519,12.1474,10.394,10.4707

13.3158,16.0245,14.5394,14.6912
10.0637,12.2571,10.3675,10.4757

13.1676,16.1682,14.5342,14.6965
9.94175,12.3722,10.3687,10.4813

13.0427,16.2915,14.5371,14.698
9.8351,12.4661,10.3772,10.4857

12.9699,16.3638,14.5157,14.7161
9.78467,12.5356,10.3535,10.4903

13.0363,16.2977,14.5309,14.7026
9.83282,12.4747,10.37,10.4865

13.1552,16.1799,14.5371,14.6944
9.92973,12.3794,10.3732,10.4817

13.269,16.0688,14.5346,14.694
10.0271,12.2949,10.3646,10.4774

13.3657,15.9702,14.5498,14.6782
10.1006,12.2087,10.3816,10.4732

13.3582,15.9882,14.5527,14.6855
10.0914,12.2196,10.3792,10.4738

13.4267,16.1851,14.7254,14.7937
10.0222,12.2288,10.4345,10.4785

13.6535,16.4197,15.0637,14.9519
9.97052,12.1356,10.5743,10.4835

14.0431,16.666,15.4901,15.1935
9.98761,11.9858,10.7067,10.4839

15.2586,16.27,16.5848,14.9529
10.5178,11.2732,11.269,10.104

15.8381,16.6162,16.8857,15.6359
10.5171,11.0724,11.2201,10.3544

16.4214,17.1509,17.0973,16.6018
10.4564,10.9463,11.0409,10.7204

17.1817,17.5894,17.5602,17.4096
10.4631,10.7182,11.0291,10.9536

17.9841,18.1409,18.1894,18.2067
10.4473,10.5336,11.0713,11.1118

18.688,19.0131,18.8665,19.1917
10.2925,10.4695,11.0845,11.3175

19.3383,20.0751,19.4402,20.4262
10.0743,10.4638,11.0011,11.6247

20.0917,21.1849,20.058,21.7617
9.90296,10.4522,10.8962,11.9126

20.8136,22.4794,20.35,23.5871
9.67938,10.4712,10.5909,12.4225

21.3616,23.3622,20.4435,24.9789
9.56612,10.4808,10.3167,12.8004

21.6484,23.9077,20.5267,25.7621
9.485,10.4969,10.1823,12.9998

21.7934,23.9321,20.8861,25.58
9.51675,10.4717,10.3284,12.8472

21.8299,23.8658,21.277,25.1703
9.5354,10.4466,10.5434,12.6386

21.8518,23.8439,21.3846,25.0639
9.54599,10.438,10.5993,12.5807

21.7924,23.9042,21.0322,25.4101
9.51959,10.4639,10.4139,12.7666

21.7567,23.9644,20.7233,25.7346
9.50111,10.4865,10.2445,12.9319

21.7534,23.9425,20.7636,25.6709
9.50372,10.4815,10.2724,12.9064

21.8035,23.9031,21.0987,25.3541
9.52352,10.4625,10.4456,12.7323

21.8316,23.8634,21.2998,25.1477
9.5357,10.4452,10.556,12.6272

21.8104,23.8964,21.1353,25.319
9.52597,10.4589,10.4651,12.7139

21.7044,23.8626,20.7765,25.5247
9.51373,10.481,10.3069,12.8624

21.4402,23.4284,20.4693,25.0876
9.58527,10.4921,10.2844,12.8022

21.0693,22.7051,20.4304,23.9778
9.71212,10.4806,10.4955,12.4758

20.6661,21.8455,20.4816,22.5958
9.88416,10.4581,10.8009,12.0208

20.1251,20.9569,20.2386,21.3325
10.0407,10.4624,10.9991,11.6619

19.5938,20.0886,19.7779,20.3141
10.2097,10.4685,11.0682,11.4175

19.1266,19.1195,19.3412,19.2309
10.4456,10.4318,11.1613,11.1254

18.2684,18.5438,18.5342,18.5269
10.4584,10.6153,11.0333,11.057

17.4323,18.043,17.9221,17.73
10.4468,10.8273,10.9959,10.894

16.7222,17.4799,17.5235,16.7905
10.4815,10.9844,11.0857,10.6124

16.0022,16.9379,17.1353,15.8512
10.5069,11.1667,11.1825,10.308

15.3437,16.4555,16.694,15.0935
10.5245,11.3496,11.2095,10.0804

13.9925,16.7318,15.4249,15.2519
9.98495,12.0785,10.6165,10.4841

13.4918,16.4517,14.9063,14.9532
9.94142,12.2797,10.4586,10.4843

13.2707,16.2292,14.6293,14.7695
9.95674,12.3373,10.387,10.483

13.2297,16.1048,14.5362,14.6917
9.99317,12.3218,10.37,10.479

13.2722,16.066,14.5448,14.6875
10.0234,12.285,10.3777,10.4779

13.2779,16.0595,14.5457,14.6859
10.0281,12.2799,10.3788,10.4772

13.2465,16.0914,14.5408,14.6906
10.0047,12.3084,10.373,10.4779

13.2197,16.118,14.545,14.6886
9.9797,12.3261,10.3793,10.4789

13.1869,16.1504,14.5397,14.6934
9.9547,12.3544,10.3742,10.4807

13.17,16.167,14.538,14.6948
9.94162,12.3687,10.3726,10.481

13.1953,16.1421,14.543,14.6908
9.9598,12.3456,10.3782,10.4804

13.2179,16.1195,14.539,14.6927
9.98141,12.3311,10.3721,10.4794

13.2465,16.0998,14.5441,14.6954
10.0024,12.3123,10.3717,10.4777

13.1815,16.2252,14.4668,14.8
9.99186,12.4657,10.2328,10.4736

12.9069,16.5927,14.2194,15.0561
9.89705,12.9312,9.86609,10.4696

12.5298,17.0877,13.9232,15.3738
9.72718,13.5361,9.4369,10.4639

12.09,17.6443,13.5964,15.7185
9.50346,14.2213,8.9851,10.4542

11.4803,18.3466,13.0965,16.1862
9.17956,15.147,8.37901,10.4584

10.9616,18.9419,12.6322,16.6135
8.89855,15.9823,7.83706,10.4461

10.4601,19.4936,12.0937,17.0817
8.63051,16.8344,7.25976,10.4393

9.93951,20.0107,11.3962,17.6336
8.36569,17.769,6.58652,10.4428

9.50144,20.4309,10.6849,18.1944
8.13813,18.6014,5.9552,10.4693

8.93496,20.9169,9.69573,18.9695
7.79282,19.5819,5.18649,10.6027

8.6976,21.0392,9.19763,19.182
7.75659,20.3032,4.7254,10.3788

8.25291,21.3322,8.38249,19.7085
7.49147,21.1908,4.12417,10.3575

7.75696,21.6103,7.45125,20.2846
7.16889,22.1637,3.4859,10.3455

7.26419,21.8301,6.45144,20.877
6.83113,23.1471,2.84585,10.34

6.98559,21.9258,5.87909,21.1863
6.63496,23.7323,2.49056,10.3061

6.89223,21.9506,5.65435,21.299
6.57469,23.974,2.34842,10.2669

6.91348,21.9128,5.59104,21.3235
6.60904,23.9823,2.31121,10.2615

7.03569,21.8438,5.67172,21.2797
6.72597,23.8299,2.35564,10.2525

7.11606,21.774,5.66027,21.2769
6.81491,23.7519,2.34884,10.2483

7.10269,21.7655,5.60923,21.2987
6.81008,23.7824,2.32055,10.251

7.08398,21.8042,5.66769,21.2782
6.77849,23.7822,2.35306,10.2502

6.98988,21.8754,5.6539,21.292
6.67964,23.883,2.34581,10.2556

6.91963,21.9149,5.61301,21.313
6.61196,23.9678,2.32361,10.2607

6.95678,21.9082,5.66314,21.2936
6.64167,23.9144,2.35083,10.2571

7.01879,21.8538,5.65514,21.2902
6.71025,23.8542,2.34605,10.2535

7.06926,21.801,5.62127,21.301
6.77052,23.8122,2.32729,10.254

7.1636,21.895,5.82849,21.3171
6.8019,23.6216,2.44334,10.2972

7.42317,22.021,6.44163,21.1728
6.92137,23.1272,2.7895,10.3259

7.81466,22.1069,7.20447,20.9763
7.1277,22.4606,3.22683,10.3489

8.40186,22.0833,8.09083,20.7389
7.47199,21.5741,3.74623,10.3717

9.21055,21.8718,9.11291,20.4005
7.97011,20.4631,4.36244,10.3684

9.81741,21.8338,9.6281,20.5656
8.23834,19.5693,4.7223,10.634

11.0588,21.188,11.1094,19.7865
9.00038,18.126,5.63126,10.4064

12.0016,20.7608,12.1512,19.4093
9.44323,16.9826,6.33264,10.4056

12.8897,20.3409,13.1136,19.0734
9.80164,15.9405,7.00636,10.4155

13.8489,19.8156,14.0998,18.7049
10.1499,14.8445,7.73724,10.4323

14.8521,19.1674,14.9552,18.3659
10.5434,13.8025,8.38893,10.4291

15.6804,18.535,15.4403,18.173
10.9309,13.0262,8.77224,10.4347

18.464,15.8578,18.3011,15.4656
12.8468,10.9368,10.5326,8.84779

18.6089,15.7109,18.3086,15.4627
12.9482,10.8225,10.5417,8.8517

18.4613,15.8584,18.35,15.4067
12.8579,10.9497,10.5525,8.80389

15.7622,18.5508,15.6774,18.0929
10.8645,12.8901,8.96519,10.4442

15.3955,18.9079,15.5715,18.1845
10.6142,13.1797,8.8892,10.4809

15.4302,18.8782,15.6252,18.1438
10.6252,13.1405,8.93095,10.4673

15.6976,18.6103,15.6362,18.1239
10.8278,12.9468,8.93417,10.4552

18.324,15.9954,18.3266,15.4315
12.7495,11.0457,10.5455,8.82339

18.5229,15.7968,18.2981,15.4711
12.8849,10.8866,10.5361,8.85633

18.5028,15.8159,18.3444,15.4154
12.8836,10.9136,10.5534,8.8134

15.9726,18.3396,15.6649,18.0946
11.0307,12.7446,8.94959,10.4392

15.6343,18.6756,15.631,18.1327
10.7798,12.994,8.93078,10.4594

15.4484,18.8555,15.5957,18.1627
10.6486,13.1353,8.90744,10.4726

15.5782,18.7322,15.6352,18.1318
10.7357,13.033,8.93521,10.4601

15.8397,18.472,15.6315,18.126
10.9378,12.8491,8.92535,10.4517

18.3528,15.9653,18.2938,15.4677
12.7648,11.0172,10.5316,8.85046

18.4576,15.8614,18.3082,15.4554
12.8431,10.9407,10.5379,8.84236

18.3388,15.9782,18.3135,15.4448
12.7577,11.0302,10.5413,8.83489

15.8463,18.4676,15.6582,18.1058
10.9353,12.8378,8.94614,10.4448

15.5952,18.7108,15.614,18.1442
10.7557,13.0258,8.9187,10.4638

15.5691,18.7395,15.6237,18.1398
10.7323,13.0424,8.92648,10.4629

15.7261,18.5816,15.6326,18.1255
10.8511,12.9279,8.93034,10.4548

15.9624,18.35,15.6473,18.1096
11.0276,12.757,8.93539,10.4441

18.3489,15.9688,18.2889,15.4728
12.7611,11.0189,10.5296,8.85443

18.2952,15.9876,18.2494,15.4978
12.6986,11.013,10.5474,8.905

16.1253,18.0122,16.0014,17.7046
11.0091,12.3582,9.36153,10.4352

15.9246,17.985,16.3471,17.2735
10.7134,12.1774,9.83522,10.438

15.4539,18.1388,16.6596,16.8089
10.2206,12.1126,10.365,10.4657

16.1351,17.0645,18.1307,15.1081
10.4964,11.1645,11.7853,9.71779

16.3864,16.3618,19.0178,13.9215
10.4851,10.5092,12.9032,9.26646

16.652,15.5357,19.7183,12.8206
10.4691,9.77615,14.04,8.87875

16.9206,14.6377,20.1739,11.8956
10.4561,9.0189,15.0984,8.59055

17.1348,13.7142,20.4856,11.0263
10.4226,8.28151,16.1454,8.31448

17.3841,12.7348,20.7447,10.1734
10.4167,7.53446,17.2134,7.9994

17.5652,12.0202,21.0357,9.41597
10.4213,7.01086,18.1214,7.61052

17.6082,11.7149,21.3314,8.85155
10.4126,6.79945,18.7224,7.22957

17.6735,11.5773,21.5311,8.56431
10.4335,6.70246,19.0189,7.00916

17.6337,11.6336,21.4783,8.63375
10.4209,6.7453,18.9372,7.06059

17.5831,11.6739,21.1796,8.96131
10.4006,6.77504,18.6376,7.3507

17.586,11.6252,20.8434,9.3072
10.3955,6.73658,18.3534,7.6785

17.5307,11.6862,20.6358,9.53991
10.3751,6.78212,18.1282,7.87853

17.5302,11.6904,20.7006,9.46944
10.3752,6.78568,18.1891,7.81402

17.593,11.6257,20.9807,9.15764
10.3996,6.73814,18.4838,7.54243

17.5907,11.6724,21.2759,8.85714
10.4042,6.77427,18.7291,7.25648

17.6216,11.6404,21.4124,8.70371
10.415,6.74996,18.8752,7.12388

17.6337,11.6124,21.3424,8.77229
10.4178,6.72864,18.8254,7.19211

17.6525,11.7872,21.18,9.15463
10.4024,6.81688,18.4812,7.46356

17.7842,12.0535,21.0954,9.66738
10.3995,6.92182,18.0615,7.7812

17.9632,12.45,21.1122,10.2417
10.3946,7.08336,17.6076,8.07846

18.2231,12.9497,21.2778,10.8366
10.3983,7.27558,17.1742,8.31591

18.5468,13.4743,21.5397,11.4188
10.4101,7.45593,16.7958,8.50211

18.8944,14.0995,21.7905,12.1333
10.4158,7.67343,16.3424,8.7324

19.3125,14.8041,21.9506,13.0996
10.4202,7.89496,15.7629,9.08593

19.7427,15.5572,21.982,14.2569
10.4188,8.12264,15.0964,9.52619

20.2266,16.4374,21.9515,15.6498
10.4097,8.37777,14.347,10.0296

20.7708,17.3233,22.0099,17.0101
10.4096,8.60443,13.701,10.449

21.4007,18.2825,22.1992,18.3852
10.4201,8.8288,13.1292,10.7859

22.1114,19.2939,22.5062,19.7644
10.4443,9.0442,12.6286,11.047

20.3674,22.8611,20.6756,23.3683
9.27206,10.4499,10.9473,12.4947

21.1328,23.4661,20.6443,24.7241
9.4049,10.4732,10.5157,12.7701

21.601,23.8859,20.4408,25.7811
9.47238,10.4965,10.1581,13.037

21.7214,24.013,20.4965,25.9709
9.4802,10.5018,10.1244,13.0576

21.779,23.9295,20.9764,25.4784
9.50912,10.4702,10.3833,12.8014

21.8779,23.819,21.5153,24.9378
9.55582,10.4253,10.6689,12.514

21.8527,23.8391,21.407,25.0405
9.54413,10.4335,10.6143,12.572

21.7742,23.9248,20.8471,25.5943
9.51025,10.4707,10.3169,12.8661

21.7205,23.9899,20.5277,25.9175
9.48369,10.4958,10.1472,13.0373

21.7636,23.9395,20.7806,25.6623
9.50599,10.4775,10.2801,12.9003

21.8143,23.8696,21.2617,25.175
9.52901,10.4492,10.5396,12.6462

21.8533,23.8356,21.4134,25.0302
9.54627,10.434,10.6175,12.5662

21.7927,23.867,21.059,25.3427
9.53246,10.4609,10.4335,12.7371

21.6634,23.46,20.5546,25.2218
9.68041,10.4954,10.2333,12.7549

21.5441,22.6816,20.47,24.2898
9.96855,10.4939,10.3053,12.3962

21.4103,21.6829,20.6837,22.8017
10.3573,10.4732,10.5718,11.7617

21.2061,20.5417,20.8997,21.0717
10.8246,10.4535,10.8765,11.0094

20.8979,19.4907,20.7216,19.7275
11.2672,10.4603,10.9774,10.4592

19.8107,19.0742,19.5565,19.2122
11.3529,10.8964,10.5385,10.3762

19.5737,17.8722,19.2145,17.9613
11.9246,10.8239,10.5528,9.86265

19.1496,16.9053,18.862,16.7799
12.3887,10.8549,10.5565,9.36398

18.6224,16.4277,18.5654,15.9768
12.5723,11.0122,10.5479,9.03153

15.9319,18.5512,15.7495,18.1886
10.9294,12.8189,8.96395,10.4518

15.6148,18.6902,15.5894,18.1633
10.7768,13.0177,8.89919,10.4703

15.6737,18.6378,15.662,18.1076
10.8006,12.9565,8.95549,10.4514

15.7886,18.5243,15.6268,18.1332
10.8988,12.8867,8.92281,10.4557

18.2279,16.093,18.2809,15.4818
12.6706,11.1106,10.5246,8.85821

18.3587,15.9685,18.2855,15.4876
12.7616,11.0127,10.5268,8.8629

18.3616,15.9605,18.3315,15.4308
12.7745,11.0173,10.5487,8.82358

15.9707,18.3493,15.6806,18.0897
11.0218,12.7434,8.96076,10.438

15.7511,18.5628,15.6294,18.1336
10.8686,12.9125,8.92587,10.457

15.6749,18.6397,15.6354,18.1323
10.8079,12.9648,8.93261,10.4587

15.7415,18.5699,15.6458,18.1184
10.8569,12.9127,8.94087,10.4535

15.7818,18.2674,15.5772,17.9418
10.9514,12.7638,8.99259,10.4562

15.7949,17.676,15.5646,17.443
11.0616,12.4399,9.23162,10.4309

15.4726,17.2534,15.4092,16.9221
10.9822,12.3078,9.43756,10.4365

14.8812,16.9836,15.2175,16.3351
10.7143,12.3152,9.68485,10.4496

14.0963,16.7885,15.0055,15.6662
10.302,12.4005,9.99717,10.4643

13.3058,16.7865,14.7657,15.1821
9.85882,12.6258,10.1933,10.4861

12.7382,16.8522,14.6027,14.8875
9.51957,12.8301,10.3116,10.5027

12.5442,16.807,14.5302,14.7393
9.41833,12.8685,10.3722,10.505

12.6904,16.6388,14.501,14.7348
9.55726,12.7588,10.3462,10.5017

13.0907,16.2417,14.5225,14.7052
9.88314,12.4367,10.3589,10.4852

13.5478,15.7918,14.5671,14.6635
10.2434,12.0577,10.3956,10.4673

13.7823,15.5592,14.563,14.6596
10.4455,11.8815,10.3797,10.4572

13.748,15.5936,14.5689,14.6566
10.413,11.9044,10.3884,10.4582

13.4592,15.8784,14.5603,14.6687
10.174,12.1311,10.3901,10.4688

13.0378,16.2959,14.5186,14.7111
9.84053,12.4812,10.3549,10.4873

12.7183,16.6133,14.5147,14.7253
9.57437,12.7309,10.3602,10.4986

12.6368,16.6944,14.5136,14.7295
9.5062,12.7942,10.3616,10.5021

12.7937,16.5389,14.5086,14.7275
9.64029,12.6765,10.3504,10.4969

13.1636,16.1737,14.5398,14.6941
9.93505,12.3725,10.3751,10.4814

13.5042,15.8358,14.5567,14.672
10.2134,12.0997,10.383,10.4679

13.6896,15.6531,14.5609,14.665
10.3681,11.9557,10.3797,10.4605

13.6374,15.7046,14.5666,14.6622
10.3204,11.9916,10.3894,10.4626

13.371,15.9671,14.5474,14.6814
10.1065,12.208,10.3767,10.4727

13.0265,16.31,14.5251,14.7093
9.82755,12.488,10.3613,10.4872

12.7967,16.5365,14.5227,14.7175
9.63603,12.6659,10.3669,10.4952

12.7496,16.5835,14.5129,14.7268
9.60098,12.7081,10.3566,10.4983

12.9228,16.412,14.5215,14.7147
9.74201,12.5693,10.3613,10.4914

13.2146,16.1228,14.544,14.6888
9.97687,12.3316,10.3776,10.478

13.4761,15.8642,14.5518,14.6764
10.1928,12.1254,10.3773,10.4686

13.595,15.7466,14.5603,14.6677
10.2881,12.0283,10.3832,10.4643

13.5183,15.8226,14.5583,14.6712
10.2242,12.0883,10.3841,10.4675

13.3461,16.0868,14.6165,14.7191
10.031,12.2386,10.412,10.4823

13.4318,16.2579,14.9037,14.7491
9.89629,12.1299,10.6322,10.5055

14.7004,15.3562,16.0137,14.0723
10.5822,11.1028,11.4712,10.0078

15.1561,15.3643,15.7648,14.8776
10.5953,10.7515,11.234,10.5832

15.4871,15.5674,14.7909,16.502
10.4352,10.4646,10.4665,11.7978

15.3952,16.2844,13.1283,18.8621
9.95422,10.4996,9.16636,13.5439

15.3657,17.04,11.4907,21.2365
9.51757,10.524,7.8728,15.2497

15.3494,17.5796,10.3372,22.8882
9.21931,10.531,6.97917,16.4345

15.3827,17.8571,9.98534,23.5398
9.1012,10.5413,6.68173,16.8398

15.4035,17.8585,10.4614,23.1379
9.09228,10.524,7.02464,16.5231

15.4713,17.7286,11.5099,22.1159
9.14708,10.4729,7.79438,15.7497

15.5138,17.6425,12.4909,21.1646
9.17397,10.4345,8.52069,15.0349

15.4696,17.6764,12.822,20.8496
9.13804,10.4517,8.77071,14.8036

15.5128,17.6455,12.4404,21.2135
9.17369,10.4359,8.48304,15.0714

15.4576,17.7412,11.4219,22.1971
9.13786,10.4787,7.73187,15.8155

15.4112,17.849,10.5003,23.0994
9.09971,10.5217,7.05184,16.4908

15.4135,17.8805,10.1866,23.4138
9.09905,10.534,6.8165,16.7145

15.4189,17.8282,10.6725,22.9299
9.10693,10.514,7.17878,16.3642

15.4706,17.7152,11.6246,21.9967
9.14894,10.4689,7.88146,15.6647

15.4953,17.5402,12.4562,21.0556
9.2344,10.4514,8.50703,14.9712

15.5652,17.2425,12.92,20.3355
9.44047,10.4498,8.85057,14.4231

15.5888,16.9215,12.9318,19.9583
9.66966,10.476,8.86865,14.1497

15.5714,16.5834,12.8,19.6555
9.90729,10.5167,8.79106,13.949

15.6054,16.1228,13.001,18.9487
10.2405,10.5305,8.95574,13.4372

15.6318,15.6193,13.7254,17.6905
10.5805,10.5179,9.52926,12.5363

15.6888,15.0492,14.9576,15.8807
10.9667,10.47,10.4981,11.2292

14.6271,15.5708,15.3392,14.8629
10.5442,11.2686,10.848,10.5032

12.9778,16.7858,14.8768,14.8455
9.53944,12.5513,10.5587,10.5145

11.9821,17.4863,14.5838,14.835
8.90731,13.3366,10.3853,10.5348

11.8277,17.5113,14.472,14.8061
8.85023,13.4576,10.3229,10.5333

12.3715,16.9598,14.4989,14.7524
9.29138,13.0103,10.3498,10.5125

13.3061,16.0339,14.5586,14.6779
10.0447,12.2516,10.3923,10.4754

14.0952,15.2562,14.5844,14.6448
10.6961,11.6306,10.39,10.4473

14.4481,14.9121,14.596,14.6419
10.976,11.3427,10.3953,10.45

14.1958,15.1555,14.594,14.6381
10.7705,11.5408,10.4027,10.4501

13.4688,15.8732,14.5495,14.68
10.1874,12.1333,10.3739,10.4695

12.6492,16.6829,14.5152,14.7284
9.51605,12.7845,10.3624,10.5011

12.0688,17.2627,14.4919,14.7732
9.04128,13.2494,10.3485,10.5249

12.0167,17.3134,14.4784,14.784
9.00502,13.2993,10.333,10.5266

12.5723,16.8327,14.5542,14.7692
9.422,12.8633,10.3708,10.5079

13.5545,16.1472,14.8001,14.8147
10.0777,12.1423,10.4692,10.4747

14.6105,15.5462,15.161,14.9263
10.6898,11.4163,10.6091,10.4487

15.4079,15.361,15.6081,15.1255
11.0024,10.9627,10.7635,10.4353

15.0662,16.4057,15.4419,16.0389
10.4181,11.3912,10.4553,10.8995

15.6829,16.6001,16.6133,15.7253
10.4905,11.1456,11.0707,10.4572

16.3754,16.8799,17.8873,15.4693
10.5463,10.9079,11.6831,10.0266

17.0487,17.242,18.7002,15.7455
10.5632,10.7088,11.9343,9.95764

17.6996,17.7088,18.8889,16.7437
10.5378,10.5522,11.731,10.3429

18.355,18.3547,18.5846,18.4247
10.4585,10.4493,11.1638,11.0925

18.7783,19.3282,18.1378,20.3354
10.2175,10.5083,10.5218,11.9164

19.3808,20.3298,18.474,21.6799
10.0252,10.5137,10.3365,12.2885

20.0511,21.2969,19.6245,22.2628
9.8653,10.488,10.627,12.1838

20.8703,22.2277,21.0396,22.6967
9.76585,10.4179,11.0134,11.9669

21.4508,23.0808,21.582,23.6623
9.65083,10.4049,10.9754,12.1329

21.676,23.732,20.9616,25.1822
9.53602,10.4618,10.442,12.7242

21.6897,24.0733,20.1605,26.3239
9.46256,10.5235,9.94033,13.2377

21.703,24.0379,20.2628,26.2011
9.4751,10.5149,9.9978,13.1762

21.8302,23.8652,21.2243,25.2205
9.53702,10.4476,10.5148,12.6646

21.9513,23.7518,21.9532,24.5117
9.58796,10.3963,10.8971,12.2827

21.8774,23.8033,21.5596,24.877
9.55998,10.4233,10.6955,12.4853

21.7489,23.977,20.5973,25.8608
9.4985,10.4923,10.1761,12.9971

21.6855,24.0591,20.1585,26.3067
9.46534,10.5223,9.943,13.2334

21.7703,23.9356,20.7559,25.6857
9.51246,10.4793,10.2636,12.9086

21.8782,23.8133,21.6064,24.8437
9.55588,10.4234,10.719,12.4658

21.9139,23.7747,21.7656,24.6826
9.57391,10.4087,10.8023,12.379

21.7919,23.916,21.0149,25.4379
9.51764,10.4671,10.4017,12.7775

21.7099,24.0286,20.3263,26.1366
9.47906,10.5121,10.0311,13.1417

21.7161,24.0055,20.4568,25.9943
9.48348,10.5043,10.1047,13.0716

21.8273,23.8541,21.2197,25.2098
9.5399,10.4471,10.5149,12.6621

21.8741,23.806,21.6527,24.7852
9.55807,10.4249,10.7449,12.4361

21.8538,23.8369,21.3643,25.0779
9.54912,10.4371,10.589,12.5888

21.7478,23.9625,20.629,25.815
9.50037,10.4886,10.197,12.978

21.7212,23.9931,20.4003,26.04
9.48961,10.5024,10.0752,13.0968

21.7741,23.9217,20.8882,25.5488
9.51332,10.4729,10.3375,12.8402

21.865,23.8381,21.4902,24.967
9.55089,10.4349,10.6525,12.5257

21.8641,23.8382,21.4867,24.9696
9.55067,10.4352,10.6508,12.5273

21.7752,23.9271,20.913,25.5306
9.51315,10.4749,10.3484,12.8276

21.7219,23.9949,20.4756,25.9718
9.48639,10.4999,10.1161,13.0617

21.6527,23.857,20.5594,25.682
9.49889,10.4868,10.2093,12.969

21.2611,23.2529,20.5246,24.7261
9.51867,10.4309,10.4462,12.7682

20.6021,22.534,19.7066,24.1495
9.50034,10.4101,10.3586,12.895

19.6621,21.7537,17.8931,24.1948
9.42265,10.4401,9.77806,13.5232

18.6927,21.0006,15.7799,24.5093
9.32472,10.4849,8.96705,14.3873

17.7461,20.1403,14.0223,24.3815
9.25594,10.5065,8.32318,15.0784

16.8599,19.2439,12.8051,23.7654
9.20392,10.5019,7.9675,15.4907

16.1651,18.4838,12.141,22.9551
9.17359,10.4832,7.87611,15.6311

15.7101,17.9902,11.8157,22.3274
9.15071,10.4724,7.88857,15.6523

15.4976,17.7584,11.6298,22.0625
9.14344,10.4702,7.86867,15.6817

15.4706,17.7327,11.5023,22.1268
9.14493,10.4734,7.78846,15.7572

15.4611,17.7483,11.3855,22.2407
9.13772,10.4799,7.70269,15.8437

15.4571,17.7561,11.3322,22.2934
9.13477,10.4834,7.66313,15.8827

15.4663,17.7453,11.3935,22.2349
9.14137,10.4786,7.7073,15.8368

15.4675,17.7406,11.4915,22.1422
9.1405,10.4753,7.78008,15.7681

15.4746,17.7263,11.5924,22.0418
9.1468,10.47,7.85457,15.6926

15.4731,17.7267,11.6034,22.0309
9.14534,10.4698,7.86328,15.6856

15.4701,17.7373,11.5305,22.1056
9.14207,10.4738,7.80848,15.7397

15.4672,17.7444,11.4415,22.191
9.14092,10.4775,7.74244,15.8031

15.4833,17.76,11.3902,22.2604
9.15822,10.4944,7.68917,15.8222

15.7148,17.6358,11.5991,22.1098
9.38176,10.505,7.75291,15.5243

16.101,17.4009,12.1336,21.6608
9.75668,10.5016,7.99449,14.9112

16.4942,17.1649,12.9474,20.9363
10.1604,10.5165,8.40143,14.0857

16.9945,16.8169,14.0796,19.8653
10.6867,10.502,8.97405,13.0012

17.4738,16.4818,15.2918,18.6878
11.2159,10.4945,9.56502,11.8885

18.5038,15.5758,17.1355,16.8342
12.1679,10.1187,10.5102,10.3673

18.3136,15.8758,17.5824,16.321
12.3104,10.5712,10.5189,9.76355

18.1797,16.0876,17.9669,15.8681
12.4381,10.9267,10.531,9.26814

15.8808,18.4163,15.73,18.0496
10.9154,12.7475,9.03633,10.4648

15.5554,18.7461,15.5991,18.1546
10.729,13.0551,8.91002,10.4699

15.5277,18.7771,15.6194,18.142
10.7014,13.07,8.92627,10.4664

15.7133,18.5942,15.6478,18.1144
10.8355,12.9304,8.94457,10.4535

15.9547,18.3561,15.6379,18.1166
11.0238,12.7637,8.92898,10.4474

18.3871,15.9313,18.2823,15.4839
12.7839,10.986,10.5293,8.86479

18.415,15.9007,18.3254,15.4332
12.8137,10.9723,10.5489,8.82908

15.9931,18.3171,15.6632,18.0943
11.0459,12.7279,8.94962,10.4406

15.6818,18.6243,15.6334,18.1257
10.8159,12.9569,8.9337,10.4575

15.5826,18.7203,15.6178,18.1397
10.7443,13.0304,8.92447,10.4649

15.6826,18.6243,15.6435,18.1186
10.813,12.9529,8.94219,10.456

15.8536,18.4442,15.6146,18.119
10.9683,12.852,8.90626,10.4374

15.7864,18.4388,15.3812,18.2132
11.0482,12.9972,8.7007,10.4179

15.3355,18.7478,14.9377,18.4139
10.9212,13.4864,8.33979,10.4166

14.5466,19.3343,14.4249,18.6225
10.5564,14.2595,7.94012,10.4079

13.5051,20.1084,13.7591,18.9152
10.0131,15.2881,7.44235,10.4205

12.4829,20.8185,13.055,19.2094
9.46353,16.344,6.93048,10.426

11.6115,21.3146,12.2755,19.5055
9.03013,17.3254,6.38387,10.4246

10.9665,21.5389,11.4553,19.7768
8.77582,18.1541,5.82724,10.4068

10.2023,21.8305,10.2074,20.4241
8.40357,19.1121,5.05434,10.594

9.90868,21.6343,9.70831,20.2821
8.42704,19.6752,4.70449,10.3573

9.22849,21.7569,8.74123,20.5742
8.08258,20.6183,4.11467,10.3484

8.40547,21.9355,7.73959,20.8518
7.5699,21.7299,3.52551,10.3386

7.57918,22.0909,6.72675,21.1422
6.99938,22.8811,2.94593,10.3376

6.9605,22.1827,5.96959,21.3518
6.53949,23.7751,2.52065,10.3288

6.71874,22.1593,5.70785,21.3415
6.36676,24.1395,2.3749,10.2828

6.75947,22.0551,5.6082,21.3412
6.43762,24.1374,2.32001,10.269

6.99437,21.8713,5.63909,21.3025
6.68591,23.8853,2.3369,10.2559

7.24038,21.6892,5.68611,21.2622
6.94253,23.6182,2.36187,10.2414

7.26646,21.6384,5.62275,21.2801
6.98447,23.6096,2.32731,10.2427

7.14713,21.7474,5.64458,21.2851
6.85019,23.7265,2.33949,10.2478

6.95492,21.9216,5.6806,21.2915
6.63528,23.9133,2.35969,10.2557

6.7706,22.0496,5.62247,21.3324
6.44757,24.1209,2.32804,10.2674

6.78564,22.0434,5.64005,21.3232
6.46079,24.0995,2.33781,10.2659

6.95653,21.9166,5.67534,21.2917
6.63845,23.9133,2.35687,10.2554

7.12663,21.7552,5.63114,21.2885
6.83163,23.7512,2.33245,10.2487

7.25038,21.7181,5.72372,21.2807
6.93522,23.5673,2.38765,10.2738

7.3691,21.825,6.22011,21.1059
6.95295,23.2329,2.67703,10.3011

7.42251,22.0412,6.91256,20.8373
6.86306,22.8896,3.08929,10.322

7.38677,22.3537,7.6694,20.5478
6.66409,22.5842,3.5576,10.3582

7.48377,22.5793,8.57521,20.1485
6.5737,22.0868,4.13568,10.3678

7.72213,22.6659,9.50502,19.7072
6.6054,21.4197,4.76157,10.3774

8.06489,22.6128,10.3421,19.2931
6.73416,20.6764,5.35907,10.3944

8.53777,22.417,11.2468,18.7975
6.95094,19.7867,6.03762,10.3887

8.7469,22.4119,11.7803,18.6289
6.92627,19.1223,6.53408,10.5814

9.07591,22.2376,12.6295,18.0866
6.99912,18.3684,7.24744,10.549

9.37016,22.0477,13.4993,17.4828
7.02879,17.6293,8.0219,10.484

9.51714,21.9385,14.2303,16.9617
6.93832,17.0006,8.75579,10.4693

9.7025,21.749,14.866,16.4827
6.88203,16.3468,9.46328,10.4719

9.99481,21.3945,15.4281,16.0071
6.91044,15.6092,10.1656,10.4788

15.2429,16.2044,20.5844,10.7141
10.4882,11.3106,14.2651,7.10017

15.5989,15.6526,20.6342,10.6387
10.4714,10.6113,14.7945,7.28681

15.9542,15.0324,20.6657,10.5178
10.4477,9.89574,15.363,7.45756

16.3224,14.3694,20.7927,10.2565
10.4364,9.19414,16.021,7.51245

16.6941,13.642,20.9678,9.8785
10.4281,8.48624,16.7746,7.47513

17.082,12.8305,21.1322,9.44527
10.4208,7.7506,17.5991,7.39353

17.4146,12.1362,21.225,9.11313
10.4301,7.15914,18.2492,7.32556

17.5498,11.7744,21.1939,8.99054
10.4135,6.86081,18.5497,7.33991

17.608,11.625,21.109,9.02556
10.4064,6.73724,18.6,7.42028

17.5863,11.6406,21.0052,9.13545
10.3984,6.74972,18.4974,7.51844

17.5573,11.686,20.9433,9.21664
10.3884,6.78279,18.4115,7.58127

17.5827,11.64,20.9624,9.18003
10.397,6.74941,18.4581,7.55949

17.5824,11.6523,21.0326,9.10961
10.3991,6.7594,18.5141,7.49138

17.5737,11.6702,21.1007,9.03778
10.3981,6.77416,18.5692,7.42254

17.6081,11.6234,21.153,8.97208
10.4096,6.73884,18.6431,7.37242

17.5817,11.6608,21.1153,9.02119
10.4005,6.76676,18.5875,7.40924

17.5724,11.6638,21.0449,9.09491
10.3965,6.76911,18.5219,7.47652

17.5871,11.6355,20.9901,9.14835
10.3996,6.74681,18.4861,7.53145

17.5534,11.672,20.9407,9.19753
10.3967,6.78131,18.4179,7.56813

17.5505,11.6596,20.8695,9.24797
10.4289,6.79587,18.3307,7.60849

17.4975,11.6856,20.5251,9.58182
10.4584,6.8511,17.9588,7.89569

17.3752,11.7487,19.6968,10.4066
10.4727,6.94452,17.1228,8.62404

17.1902,11.8191,18.2535,11.818
10.4681,7.05124,15.7409,9.90374

11.9082,17.0118,12.9885,17.0149
7.18204,10.4614,10.9301,14.5905

11.8848,17.0065,11.2,18.6361
7.23607,10.527,9.29441,16.1065

11.8965,16.9991,9.85122,19.8592
7.26871,10.5353,8.08434,17.2756

11.8851,17.0102,9.3332,20.3166
7.2751,10.5539,7.62236,17.7126

11.8855,16.9743,9.8065,19.8556
7.28471,10.5515,8.0485,17.2793

11.9741,16.8153,10.967,18.7279
7.35057,10.4773,9.10333,16.2328

12.0583,16.7047,12.1819,17.5673
7.40158,10.4193,10.2059,15.1372

11.9886,16.7629,12.8087,16.9693
7.34197,10.4497,10.7886,14.5838

12.0056,16.7436,12.6839,17.086
7.35436,10.4364,10.676,14.6972

12.0491,16.7181,11.8407,17.8905
7.40072,10.4293,9.89397,15.44

11.9512,16.8552,10.6415,19.0432
7.33535,10.4979,8.80613,16.5247

11.9111,16.9459,9.75858,19.8984
7.29722,10.5259,8.0095,17.3313

11.8861,16.9859,9.60908,20.0461
7.28151,10.5507,7.87145,17.4604

11.9478,16.8981,10.3044,19.3874
7.32996,10.5157,8.49098,16.8274

12.2333,16.7703,11.5526,18.3458
7.53836,10.4791,9.49969,15.6468

12.8791,16.5248,13.0115,17.2406
8.03128,10.424,10.5002,14.2085

13.4872,16.398,13.9121,16.7224
8.49758,10.4261,10.9278,13.3125

14.1757,16.2757,14.1827,16.8706
9.04999,10.447,10.7312,12.9358

14.9296,16.1311,13.997,17.4806
9.69238,10.4795,10.1239,12.8682

15.636,16.0561,13.7107,18.2196
10.2854,10.5228,9.47703,12.8788

16.5139,15.8366,14.1233,18.2872
11.026,10.4898,9.3221,12.3261

18.4017,14.5265,16.5982,16.2431
12.5246,9.72468,10.545,10.3697

17.8025,15.7033,17.3008,15.9134
12.2176,10.6895,10.5562,9.70065

15.0462,18.9071,15.7159,17.8011
10.3177,13.135,9.20646,10.5048

14.205,20.0086,15.5453,18.1861
9.72134,13.9831,8.92949,10.5301

14.3898,19.918,15.53,18.2691
9.85625,13.9134,8.87005,10.5243

15.4841,18.8159,15.6099,18.1472
10.6715,13.1018,8.92111,10.4696

18.9842,15.3385,18.371,15.4091
13.2283,10.5485,10.5707,8.81654

19.5735,14.7571,18.3236,15.4746
13.6801,10.1258,10.5158,8.84237

19.2732,15.0507,18.3306,15.4568
13.4485,10.3379,10.5362,8.84133

18.2391,16.0762,18.2802,15.4774
12.6806,11.0997,10.5262,8.85749

14.8298,19.4685,15.5544,18.219
10.1863,13.5858,8.88789,10.504

14.3782,19.9284,15.5467,18.2559
9.84216,13.9136,8.88568,10.5226

14.7959,19.5024,15.5537,18.221
10.1608,13.6104,8.88771,10.505

15.9252,18.3846,15.6552,18.1026
10.9963,12.7788,8.94456,10.4443

19.1189,15.2903,18.3079,15.5826
13.254,10.4514,10.5337,8.92493

19.4416,15.1813,18.2091,15.998
13.2177,10.1563,10.5454,9.2446

18.9014,15.9944,18.0418,16.5727
12.4439,10.4161,10.5847,9.71924

17.6953,17.521,17.7382,17.3482
11.2136,11.0891,10.5392,10.322

17.4017,18.1364,18.2416,17.3725
10.5685,11.0412,11.0461,10.5081

18.1329,17.7373,18.9484,17.2106
10.5706,10.3301,11.6854,10.5779

17.4275,18.6959,17.5583,19.0876
9.7188,10.4484,10.9756,12.0212

16.69,19.6933,15.9131,21.2189
8.85803,10.5091,10.0738,13.7231

15.9782,20.638,14.8988,22.6811
8.07342,10.5306,9.55236,15.0076

15.1681,21.5282,14.7573,23.1892
7.28528,10.5053,9.66005,15.7134

14.3686,22.3432,15.3122,23.0116
6.54636,10.4153,10.2733,15.929

13.4016,23.2513,15.5859,23.0563
5.78145,10.3545,10.7069,16.3211

12.1478,24.3724,15.0012,23.8577
4.94455,10.3713,10.5007,17.3474

11.0239,25.3425,13.8636,25.0542
4.26943,10.4031,9.79853,18.6929

10.2479,26.064,12.981,25.9664
3.83775,10.4696,9.18847,19.6682

10.0123,26.2602,13.0168,25.9738
3.70334,10.4626,9.24652,19.7516

10.3297,25.9281,13.9,25.1707
3.84656,10.3496,9.93573,19.0321

10.4011,25.823,14.4926,24.6248
3.87416,10.3031,10.4157,18.571

10.3175,25.8971,14.2514,24.8342
3.83839,10.3312,10.2296,18.7648

10.2801,26.0125,13.5417,25.5133
3.82496,10.3809,9.64376,19.3143

10.0244,26.2478,12.9999,25.9855
3.70946,10.46,9.23287,19.7616

10.2146,26.0655,13.4097,25.6214
3.7964,10.3999,9.54597,19.4218

10.3258,25.9132,14.1207,24.9672
3.84263,10.3389,10.1172,18.8653

10.3456,25.8669,14.3974,24.7037
3.84971,10.3182,10.3459,18.6503

10.3457,25.911,13.9809,25.1
3.85252,10.341,9.99984,18.9706

9.85702,26.4301,13.0981,25.8965
3.65725,10.5767,9.29883,19.6312

10.6858,25.8557,13.2773,25.828
4.05897,10.4686,9.32058,19.3159

11.5312,25.2042,14.1929,25.0033
4.52144,10.4191,9.89403,18.3295

12.4507,24.5162,15.3553,23.9495
5.0427,10.362,10.609,17.1502

13.4114,23.8459,16.0668,23.3
5.63246,10.3593,10.9076,16.2647

14.1158,23.3094,16.0681,23.2089
6.14006,10.4229,10.7073,15.8937

14.912,22.71,15.9842,23.2116
6.73205,10.4741,10.4124,15.5455

15.6692,22.0461,16.3545,22.6942
7.34707,10.5062,10.4546,14.8561

16.4879,21.2237,17.4719,21.3558
8.04539,10.4782,11.0028,13.6375

20.4447,17.2408,21.3499,17.1998
10.4532,8.73909,13.3362,10.6355

19.8156,17.7584,21.5543,16.6317
10.5042,9.37226,13.2235,10.0641

19.0713,18.3444,21.0311,16.7738
10.4867,10.0827,12.6363,9.95824

18.3523,18.8269,20.0996,17.271
10.466,10.7653,11.8378,10.0949

17.5769,19.3077,19.1244,17.7352
10.4325,11.5299,11.0184,10.1832

16.2151,20.3236,17.9006,18.4299
9.96949,12.6654,10.1075,10.4216

14.7595,21.3402,16.9491,18.7692
9.41554,13.93,9.38289,10.4356

13.315,22.3097,15.9901,19.1141
8.79097,15.2366,8.68045,10.456

12.1963,22.9081,15.0545,19.3983
8.33783,16.3556,8.01832,10.4523

11.4594,23.0493,14.0062,19.6827
8.15999,17.2605,7.30317,10.4404

11.0635,22.8465,13.0052,19.9033
8.20644,17.8923,6.64883,10.4164

10.5825,22.6938,11.795,20.2965
8.17822,18.6109,5.89482,10.48

10.0954,22.4619,10.8181,20.3718
8.14577,19.3677,5.28334,10.3672

9.30073,22.5108,9.7234,20.5986
7.78785,20.3934,4.6322,10.3506

8.35013,22.6352,8.53901,20.873
7.2427,21.6147,3.94929,10.3573

7.47841,22.615,7.29785,21.1395
6.72479,22.8333,3.25003,10.3559

6.96489,22.4246,6.2942,21.3455
6.45256,23.6697,2.6945,10.3473

6.88457,22.0984,5.7748,21.3531
6.51737,23.9411,2.41073,10.2948

7.05102,21.8195,5.63059,21.2984
6.74924,23.8293,2.33223,10.2532

7.22861,21.6746,5.62705,21.286
6.94135,23.6464,2.32984,10.2464

7.29032,21.6421,5.67398,21.2614
6.99924,23.5689,2.35539,10.2405

7.13814,21.7519,5.63596,21.2899
6.84192,23.7383,2.33478,10.249

6.92852,21.9229,5.63224,21.3122
6.61598,23.9543,2.33345,10.2603

6.81055,22.0351,5.66847,21.3105
6.48216,24.0643,2.35349,10.264

6.8189,22.0125,5.6352,21.3205
6.4977,24.0652,2.33551,10.2655

6.97432,21.8853,5.6404,21.3012
6.66475,23.9042,2.33808,10.257

7.16339,21.743,5.67225,21.2712
6.86284,23.6996,2.35512,10.2464

7.20831,21.6874,5.63733,21.276
6.91951,23.6621,2.33636,10.246

7.15114,21.8145,5.67306,21.3351
6.83186,23.7194,2.3512,10.2616

7.15767,22.2287,5.97131,21.5245
6.69921,23.6682,2.4905,10.3061

7.41272,22.6944,6.50529,21.7567
6.74224,23.3447,2.73791,10.3391

8.05955,23.0342,7.16852,22.0548
7.10412,22.6675,3.03117,10.3612

9.11812,23.1578,8.02314,22.3118
7.77292,21.6389,3.40466,10.3475

10.3891,23.2325,9.00029,22.6179
8.51899,20.5012,3.815,10.3288

11.6444,23.4867,10.0387,23.0681
9.11422,19.4999,4.22088,10.329

12.7105,24.0092,11.1827,23.5585
9.43568,18.7344,4.65466,10.3393

13.6959,24.7219,12.3157,24.1871
9.61334,18.125,5.04855,10.3771

15.0341,25.3638,13.5649,24.9693
9.92918,17.3565,5.44752,10.4308

17.0466,25.4694,15.0403,25.6346
10.6146,16.2389,5.90453,10.4061

26.2708,18.5095,26.6497,16.3679
15.639,10.7879,10.4654,6.27164

28.5659,18.6089,27.6432,17.9377
15.9216,10.0876,10.4861,6.66874

29.9177,18.9398,28.3291,19.0293
15.9524,9.801,10.4888,6.92183

30.3166,19.584,28.5906,19.8447
15.7309,9.87748,10.4256,7.13005

30.2571,19.8213,28.6576,19.9435
15.6363,9.96727,10.4169,7.14361

30.3069,19.7869,28.645,19.9769
15.6551,9.94274,10.4107,7.15547

30.524,19.5443,28.7443,19.8615
15.7851,9.81849,10.4484,7.11201

30.5649,19.5218,28.7301,19.8987
15.7983,9.80002,10.4409,7.12481

30.4034,19.6753,28.7027,19.906
15.7166,9.88802,10.4314,7.1279

30.2765,19.8126,28.6396,19.9763
15.6397,9.95759,10.4103,7.15636

30.3841,19.6967,28.7019,19.9078
15.7052,9.89913,10.4311,7.12852

30.5198,19.5598,28.7146,19.9049
15.776,9.82231,10.4371,7.12854

30.5069,19.5687,28.729,19.8831
15.7736,9.8302,10.4411,7.11915

30.3474,19.7044,28.6585,19.9308
15.6836,9.90259,10.4299,7.1479

29.8011,19.6288,28.0645,19.9985
15.4758,9.92338,10.4301,7.33467

29.1276,19.3307,27.1732,20.0767
15.2422,9.85354,10.4398,7.6285

28.2234,18.9119,26.0457,20.0792
14.9345,9.75496,10.4738,8.00072

27.1163,18.6311,24.8033,20.131
14.5091,9.73389,10.4728,8.44816

25.8654,18.3401,23.4997,20.0931
14.0231,9.7283,10.4798,8.93281

24.5776,18.0675,22.1967,20.0313
13.4998,9.73008,10.4784,9.45572

23.3715,17.6253,20.9245,19.8544
13.0235,9.64259,10.5028,9.99517

22.2175,17.2495,19.7675,19.6519
12.5547,9.58391,10.5133,10.5121

19.4,18.4997,16.9727,21.0048
11.0789,10.4901,9.5591,12.0359

18.1841,18.2309,15.9053,20.7394
10.5132,10.4917,9.50596,12.6531

17.0258,17.9571,14.9558,20.3972
9.96232,10.4864,9.47827,13.2371

15.8514,17.6854,14.0641,19.9817
9.38415,10.4811,9.47377,13.825

14.7501,17.443,13.2457,19.5824
8.82205,10.4785,9.45723,14.4062

13.6611,17.1856,12.4355,19.1655
8.25588,10.47,9.42182,15.0163

12.7486,17.0261,11.7642,18.8617
7.75369,10.4787,9.35853,15.5731

12.2176,16.8933,11.361,18.6531
7.46913,10.4749,9.31276,15.9072

11.9916,16.8072,11.1808,18.5403
7.35681,10.4681,9.29206,16.047

11.9604,16.8096,11.1548,18.5397
7.33839,10.4725,9.28249,16.0706

12.0111,16.7787,11.1917,18.5156
7.37992,10.4639,9.29985,16.0204

11.981,16.7941,11.1921,18.5065
7.35549,10.4678,9.31081,16.0299

11.9754,16.7985,11.2007,18.4988
7.34997,10.4683,9.3203,16.0254

12.0117,16.7755,11.2314,18.4765
7.38039,10.4626,9.33642,15.9846

11.9777,16.7961,11.1995,18.4994
7.35213,10.4675,9.31881,16.0255

11.9863,16.7927,11.1944,18.5077
7.35882,10.4667,9.31088,16.0276

12.0037,16.7831,11.1807,18.5243
7.3738,10.4649,9.29239,16.0329

11.9736,16.8024,11.1602,18.5382
7.34892,10.4703,9.28298,16.0618

12.024,16.7896,11.1922,18.5323
7.39266,10.4769,9.28539,16.0091

12.3379,16.6653,11.4015,18.4459
7.66942,10.4907,9.32746,15.6764

12.8667,16.4111,11.8357,18.1817
8.14803,10.4876,9.4759,15.0525

13.409,16.1619,12.4081,17.7909
8.65895,10.5,9.70218,14.3028

14.0661,15.8232,13.252,17.1267
9.3056,10.4979,10.0761,13.2844

14.7427,15.4435,14.247,16.2718
10.0093,10.4851,10.5184,12.1512

15.3953,15.054,15.3157,15.2994
10.7213,10.4588,10.982,11.002

15.1386,15.5528,15.5367,15.1223
10.8217,11.1335,10.7466,10.4622

14.2686,16.5985,14.9788,15.6697
10.4481,12.263,9.98023,10.4727

13.502,17.4867,14.3688,16.213
10.1445,13.3478,9.2107,10.461

12.7647,18.2758,13.6775,16.7686
9.85099,14.4306,8.43221,10.4502

12.0349,18.9932,12.9381,17.3151
9.53719,15.5195,7.67388,10.4334

11.2304,19.7142,12.1002,17.8943
9.14062,16.7048,6.89461,10.424

10.324,20.4459,11.1157,18.537
8.63507,18.0251,6.06799,10.4359

9.48318,21.0493,10.117,19.1532
8.13265,19.2852,5.29542,10.4508

8.7216,21.4748,9.08715,19.683
7.69509,20.5583,4.5314,10.3792

8.04901,21.7489,7.92755,20.2824
7.29967,21.7499,3.75066,10.3638

7.49812,21.8721,6.77682,20.8437
6.97838,22.816,3.02425,10.3454

7.11721,21.9018,5.94125,21.2132
6.74645,23.5806,2.52142,10.3156

6.97697,21.9004,5.66868,21.3
6.65924,23.8816,2.35564,10.2676

6.91029,21.9262,5.61047,21.3195
6.60112,23.9792,2.3218,10.2619

6.97892,21.8995,5.67765,21.2893
6.66193,23.8886,2.35834,10.2551

7.04119,21.837,5.65266,21.2913
6.73429,23.833,2.34431,10.2525

7.07465,21.7955,5.6249,21.2964
6.77638,23.8054,2.32944,10.2528

7.10061,21.7943,5.67263,21.2768
6.79489,23.763,2.35577,10.2503

7.04641,21.8336,5.6496,21.2945
6.7398,23.828,2.3426,10.2536

6.9779,21.8817,5.63404,21.305
6.66935,23.9034,2.3343,10.257

6.96162,21.9108,5.66676,21.2971
6.64478,23.9089,2.35242,10.2579

6.97315,21.8898,5.64864,21.2987
6.66176,23.902,2.34277,10.2574

7.03242,21.8638,5.64991,21.3163
6.71887,23.8404,2.34233,10.2624

7.14822,21.9008,5.91814,21.2448
6.77825,23.5888,2.49967,10.2972

7.35167,21.9581,6.49638,21.016
6.87329,23.1414,2.83808,10.3112

7.48772,22.1,7.18942,20.7369
6.86755,22.7037,3.25761,10.3351

7.58136,22.2893,7.93028,20.4324
6.80302,22.289,3.71845,10.3536

7.72314,22.4537,8.8143,20.0264
6.75669,21.7588,4.29013,10.3584

7.86458,22.5819,9.61144,19.6585
6.71353,21.2336,4.83549,10.3813

8.12246,22.5994,10.4498,19.2431
6.76144,20.5761,5.4344,10.3921

8.29134,22.6594,11.0085,19.0699
6.72195,19.9702,5.9095,10.5624

8.68127,22.4695,11.8407,18.5621
6.87757,19.2082,6.55749,10.5207

9.04409,22.2635,12.6196,18.0752
6.99241,18.4528,7.21481,10.504

9.33367,22.0729,13.3613,17.5782
7.03757,17.7528,7.88861,10.485

9.54335,21.9174,14.0182,17.1209
7.01965,17.1354,8.534,10.475

9.75206,21.7144,14.6522,16.6443
6.99127,16.4906,9.21487,10.4673

9.97817,21.4504,15.194,16.2077
6.98115,15.8443,9.86331,10.4753

10.2662,21.0854,15.6791,15.7811
7.01744,15.1576,10.5042,10.4847

15.3771,16.0021,20.5894,10.706
10.4827,11.047,14.4502,7.18406

15.7205,15.4538,20.6886,10.5618
10.4654,10.3746,15.0104,7.31368

16.0506,14.8822,20.7922,10.366
10.4511,9.73261,15.5834,7.39682

16.3927,14.2416,20.9108,10.0992
10.4389,9.0692,16.2222,7.43364

16.742,13.5614,21.0352,9.78906
10.4313,8.41044,16.8946,7.4277

17.0814,12.8475,21.1378,9.45288
10.4226,7.76327,17.5855,7.39256

17.3941,12.1712,21.1639,9.19195
10.4251,7.18618,18.1673,7.38543

17.5489,11.7886,21.1332,9.07185
10.4142,6.86983,18.4739,7.40608

17.6011,11.6365,21.0621,9.08274
10.4034,6.74478,18.547,7.46886

17.5983,11.6298,21.0064,9.1381
10.4009,6.73957,18.5015,7.52198

17.5685,11.6776,20.9888,9.16923
10.3919,6.7757,18.4571,7.53923

17.5896,11.6423,21.0309,9.11104
10.4,6.75064,18.5184,7.49497

17.5942,11.6415,21.0752,9.06421
10.4023,6.75022,18.5594,7.45207

17.5777,11.6668,21.094,9.04688
10.3989,6.77084,18.5633,7.43096

17.5968,11.6329,21.0907,9.04064
10.4044,6.74543,18.5808,7.43333

17.583,11.6511,21.0484,9.09061
10.4004,6.75936,18.5298,7.47448

17.5661,11.6705,21.0083,9.13603
10.3944,6.77418,18.4832,7.51226

17.5903,11.6315,21.0031,9.13297
10.4014,6.74426,18.5002,7.51819

17.5626,11.6786,21.0059,9.14027
10.3978,6.78302,18.4707,7.51243

17.4958,11.8606,21.0456,9.17382
10.4101,6.93414,18.341,7.47877

17.3174,12.2472,21.0593,9.2926
10.4075,7.25557,18.039,7.46188

17.1391,12.6557,21.079,9.41789
10.4171,7.60706,17.7071,7.43277

16.9185,13.1288,21.0541,9.59828
10.4257,8.02927,17.2844,7.42459

16.6745,13.6272,21.0132,9.78961
10.4293,8.48923,16.8345,7.41097

16.423,14.1148,20.9427,9.98864
10.4379,8.96542,16.3644,7.39625

16.1594,14.62,20.8699,10.1852
10.4498,9.48128,15.8728,7.36019

15.8785,15.1017,20.7672,10.3707
10.4544,10.005,15.3865,7.31804

15.6281,15.531,20.6581,10.5448
10.4694,10.5011,14.9231,7.27043

15.3277,15.9882,20.4892,10.7445
10.4747,11.0652,14.3999,7.22416

10.4101,20.8568,15.7196,15.6704
7.11045,14.9536,10.6128,10.4871

10.2008,21.141,15.3231,16.0246
7.10716,15.5045,10.0742,10.4781

9.96594,21.4242,14.8694,16.4092
7.08412,16.0816,9.51605,10.4822

9.74876,21.6511,14.4021,16.7687
7.072,16.6386,8.97951,10.4738

9.48593,21.8967,13.8553,17.1765
7.02844,17.2555,8.40168,10.4784

9.23432,22.0922,13.2999,17.5583
6.98495,17.8465,7.85475,10.4778

8.97392,22.2704,12.7047,17.9562
6.9267,18.4404,7.3086,10.4883

8.71175,22.4084,12.0491,18.3631
6.87311,19.0597,6.74061,10.4905

8.41454,22.5505,11.2895,18.8472
6.78087,19.7025,6.13891,10.5417

8.36069,22.4371,10.8654,18.9641
6.89216,20.123,5.75991,10.389

8.13315,22.4396,10.103,19.361
6.86364,20.725,5.19493,10.3804

7.92614,22.4072,9.36033,19.7278
6.83897,21.2879,4.66984,10.3673

7.71095,22.3477,8.56105,20.1095
6.80595,21.8678,4.13206,10.3582

7.47638,22.2601,7.69479,20.503
6.75647,22.4841,3.57578,10.3476

7.27452,22.1297,6.84776,20.8656
6.72504,23.0535,3.05391,10.3316

7.10934,21.9799,6.0741,21.1822
6.70694,23.5454,2.5951,10.3166

7.10724,21.8295,5.73379,21.2775
6.78262,23.7149,2.39338,10.2731

7.13492,21.7531,5.63629,21.2889
6.83867,23.7398,2.33539,10.2501

7.12909,21.7544,5.62841,21.2922
6.83396,23.7481,2.33112,10.2508

7.09435,21.7999,5.66353,21.2852
6.78872,23.7728,2.35046,10.252

7.01285,21.8552,5.63702,21.3024
6.70592,23.8641,2.33631,10.2577

6.97691,21.8827,5.63117,21.308
6.6683,23.9042,2.33289,10.2586

7.01174,21.8674,5.66544,21.2911
6.6995,23.8571,2.35181,10.2556

7.05101,21.8245,5.63959,21.297
6.74688,23.8247,2.33749,10.2549

7.10304,21.7806,5.63925,21.2912
6.80347,23.7712,2.33722,10.2521

7.11556,21.7827,5.66404,21.2828
6.8116,23.7515,2.35054,10.2503

7.063,21.8114,5.63449,21.2969
6.76104,23.813,2.33492,10.2551

7.01637,21.8805,5.66325,21.3142
6.69833,23.8423,2.35195,10.2714

7.10766,21.9654,6.01917,21.2111
6.71358,23.5623,2.56449,10.3236

7.47044,21.9394,6.80067,20.8665
6.93742,22.8572,3.0308,10.3386

7.95593,21.7897,7.5993,20.4945
7.26317,22.0105,3.52976,10.3605

8.6173,21.4959,8.5324,20.031
7.70909,20.9449,4.13741,10.3726

9.38476,21.0782,9.58855,19.4582
8.1951,19.7386,4.86326,10.3671

10.0234,20.707,10.4321,19.0322
8.53612,18.6898,5.50303,10.435

10.6944,20.2523,11.3453,18.4977
8.87136,17.624,6.22239,10.4462

11.4284,19.6658,12.3302,17.8489
9.20986,16.4664,7.05783,10.4299

12.1257,19.0397,13.1261,17.3029
9.5114,15.3914,7.81134,10.4499

12.9725,18.1892,13.9234,16.6947
9.89387,14.1716,8.63967,10.4588

13.8662,17.2285,14.5955,16.1382
10.3087,12.9751,9.41249,10.4678

14.8615,16.0839,15.2067,15.5686
10.781,11.7162,10.1975,10.4693

15.8215,14.8894,15.6519,15.1084
11.1724,10.4683,10.9455,10.5777

15.0715,15.3473,14.4846,16.1865
10.3245,10.4973,10.4944,11.8477

14.3051,15.757,13.4979,17.0064
9.51398,10.4986,10.1407,13.0107

13.4544,16.1777,12.5838,17.6821
8.67381,10.494,9.825,14.1712

12.6745,16.5329,11.8227,18.1755
7.95768,10.4917,9.54313,15.1714

12.1873,16.741,11.3046,18.5022
7.52895,10.4849,9.30736,15.8427

11.9728,16.8216,10.9886,18.7129
7.34845,10.48,9.12083,16.2147

11.9505,16.8404,10.8893,18.8048
7.33013,10.4857,9.03661,16.3116

11.9957,16.8144,10.9778,18.7314
7.37022,10.4843,9.09921,16.2103

11.981,16.8027,11.133,18.5695
7.35421,10.4706,9.25453,16.0847

11.9895,16.7878,11.3321,18.3796
7.35827,10.462,9.43627,15.9074

12.0392,16.7469,11.4781,18.2442
7.39916,10.4488,9.55639,15.7597

11.9968,16.7745,11.4318,18.2807
7.364,10.4564,9.52774,15.8159

11.9987,16.7798,11.3015,18.4066
7.36784,10.4612,9.40603,15.9289

12.0056,16.7894,11.1224,18.5847
7.37597,10.4692,9.23577,16.083

11.966,16.82,10.9787,18.7148
7.34472,10.4799,9.1158,16.2236

11.9956,16.8207,10.9746,18.7436
7.36382,10.4795,9.09704,16.2237

12.2752,16.865,11.243,18.7776
7.52068,10.473,9.18561,15.9848

12.7922,16.8949,11.6489,18.8685
7.82484,10.4483,9.2776,15.6132

13.4294,17.0234,11.9155,19.2896
8.17216,10.4428,9.15515,15.3939

14.1279,17.2163,11.9079,20.0822
8.53522,10.451,8.76981,15.4079

14.83,17.4187,11.5878,21.177
8.89234,10.4587,8.16812,15.6448

15.2219,17.6829,10.9008,22.405
9.04503,10.4997,7.44275,16.1765

15.3933,17.8411,10.4262,23.1418
9.09547,10.5238,7.00482,16.5399

15.4327,17.8505,10.4411,23.1721
9.11336,10.5217,7.00096,16.528

15.4093,17.8108,11.0454,22.569
9.09547,10.5028,7.45939,16.1064

15.5063,17.6823,11.9029,21.7411
9.16953,10.4504,8.08171,15.4623

15.5054,17.6574,12.4546,21.2075
9.16289,10.4367,8.49496,15.0694

15.49,17.669,12.4316,21.2278
9.15052,10.4406,8.48165,15.0913

15.5074,17.6822,11.8869,21.7565
9.17069,10.4507,8.06948,15.4731

15.4273,17.794,11.0967,22.5206
9.11029,10.497,7.49386,16.0628

15.4201,17.8434,10.567,23.0419
9.10397,10.5177,7.09895,16.4434

15.4276,17.8339,10.6134,22.9967
9.11059,10.5145,7.13199,16.4069

15.4276,17.7877,11.1674,22.4504
9.11094,10.4947,7.54674,16.0116

15.4981,17.6846,11.9243,21.7166
9.16412,10.4519,8.09981,15.4481

15.4968,17.6663,12.3588,21.298
9.15699,10.4402,8.42581,15.141

15.4971,17.669,12.2788,21.3749
9.15821,10.4418,8.36599,15.198

15.4915,17.6999,11.7772,21.8613
9.1589,10.4581,7.99069,15.5563

15.4282,17.7948,11.0652,22.5506
9.11162,10.498,7.47014,16.0843

15.4284,17.8286,10.6799,22.9323
9.11108,10.5123,7.18123,16.3594

15.4304,17.8174,10.7783,22.8341
9.11337,10.508,7.25464,16.288

15.4435,17.768,11.2958,22.3275
9.12314,10.4869,7.63929,15.9147

15.4977,17.6868,11.9167,21.7259
9.16258,10.4517,8.09427,15.4554

15.4934,17.6724,12.2391,21.4116
9.15618,10.4436,8.33727,15.2269

15.4941,17.6782,12.1159,21.5314
9.158,10.4469,8.2446,15.3145

15.4778,17.7169,11.6418,21.9903
9.14943,10.4656,7.89235,15.6566

15.4331,17.7949,11.0488,22.5695
9.11495,10.498,7.45633,16.0947

15.4327,17.8146,10.7959,22.8171
9.11549,10.5073,7.2671,16.2742

15.4339,17.7998,10.9455,22.6685
9.11657,10.5008,7.37935,16.1673

15.4542,17.7495,11.4273,22.1985
9.13153,10.4792,7.7361,15.8172

15.4892,17.691,11.9212,21.7186
9.15646,10.4536,8.09985,15.4541

15.4886,17.6809,12.1258,21.5202
9.15391,10.4481,8.25335,15.3086

15.4886,17.69,11.9488,21.6919
9.15557,10.4528,8.12072,15.4349

15.4661,17.7356,11.519,22.1112
9.14014,10.4733,7.8022,15.7484

15.4388,17.7857,11.0849,22.5324
9.12043,10.495,7.48253,16.0661

15.4354,17.8002,10.9202,22.693
9.11817,10.5013,7.36014,16.1844

15.4404,17.7836,11.1023,22.516
9.12135,10.4938,7.49528,16.0536

15.4618,17.7357,11.5317,22.096
9.13748,10.4736,7.81305,15.7399

15.4849,17.6948,11.9048,21.734
9.15325,10.4552,8.08847,15.4671

15.4869,17.6891,12.0099,21.6338
9.15291,10.4515,8.16682,15.3928

15.4451,17.6586,11.7812,21.7686
9.15923,10.4661,8.01409,15.5246

15.2911,17.3927,11.3248,21.746
9.24055,10.495,7.75989,15.6686

15.0966,16.9244,10.993,21.3511
9.40282,10.5118,7.63707,15.6124

14.8088,16.3154,10.9596,20.446
9.59087,10.5271,7.79213,15.2539

14.5355,15.6311,11.292,19.1327
9.82659,10.5218,8.25143,14.5642

14.2659,14.9289,11.8087,17.621
10.0863,10.5081,8.88584,13.6837

13.9496,14.2053,12.3287,16.0262
10.352,10.4973,9.58448,12.7302

13.6469,13.522,12.6581,14.6577
10.6315,10.49,10.1409,11.9016

13.3375,12.8851,12.7211,13.5862
10.9108,10.4925,10.4796,11.2812

13.0168,12.2894,12.5467,12.7857
11.1751,10.4935,10.6201,10.8753

12.7913,11.8994,12.31,12.3642
11.3655,10.5065,10.6009,10.6911

12.7429,11.552,12.1663,12.0906
11.5749,10.4086,10.6032,10.5773

12.7863,11.3646,12.1124,11.9995
11.697,10.2976,10.6133,10.5561

12.866,11.2853,12.1204,11.9958
11.767,10.2134,10.6246,10.559

